space,date,tide.1,tide.2,tide.3,tide.4
목포,2021-05-01,05:20/고/483,10:21/저/59,17:18/고/364,22:23/저/-3
여수,2021-05-01,05:56/저/76,11:53/고/271,17:50/저/49,--:--/-/--/--
속초,2021-05-01,00:18/저/-4,07:43/고/21,11:32/저/17,17:25/고/31
부산,2021-05-01,05:01/저/8,11:08/고/99,17:02/저/12,23:42/고/105
포항,2021-05-01,01:31/저/12,17:41/고/36,--:--/-/--/--,--:--/-/--/--
통영,2021-05-01,05:39/저/51,11:33/고/204,17:32/저/31,--:--/-/--/--
태안,2021-05-01,00:51/저/19,07:14/고/738,13:38/저/126,19:19/고/614
울산,2021-05-01,04:06/저/1,10:46/고/50,16:16/저/19,22:15/고/47
울릉도,2021-05-01,08:02/고/23,11:15/저/21,16:54/고/29,--:--/-/--/--
제주도,2021-05-01,01:42/고/273,08:14/저/93,13:13/고/204,20:00/저/39
인천,2021-05-01,01:27/저/6,07:43/고/883,14:07/저/128,19:52/고/756
영흥도,2021-05-01,01:12/저/8,07:31/고/831,13:54/저/130,19:38/고/708
목포,2021-05-02,06:09/고/456,11:12/저/99,18:06/고/336,23:11/저/42
여수,2021-05-02,00:41/고/307,06:52/저/107,12:40/고/241,18:40/저/81
속초,2021-05-02,01:22/저/-2,09:25/고/20,12:09/저/19,18:16/고/29
부산,2021-05-02,05:52/저/21,11:57/고/87,17:51/저/26,--:--/-/--/--
포항,2021-05-02,02:28/저/12,18:34/고/36,--:--/-/--/--,--:--/-/--/--
통영,2021-05-02,00:26/고/233,06:34/저/76,12:20/고/180,18:21/저/57
태안,2021-05-02,01:32/저/60,08:01/고/696,14:27/저/181,20:05/고/566
울산,2021-05-02,04:54/저/5,11:41/고/45,17:06/저/24,22:44/고/43
울릉도,2021-05-02,01:03/저/0,09:43/고/23,11:58/저/22,17:46/고/29
제주도,2021-05-02,02:46/고/253,09:19/저/114,14:03/고/184,20:56/저/66
인천,2021-05-02,02:06/저/59,08:28/고/831,14:53/저/194,20:37/고/698
영흥도,2021-05-02,01:52/저/60,08:16/고/781,14:40/저/193,20:23/고/651
목포,2021-05-03,07:03/고/425,12:17/저/134,19:02/고/312,--:--/-/--/--
여수,2021-05-03,01:42/고/277,08:06/저/131,13:47/고/215,19:46/저/109
속초,2021-05-03,02:33/저/-1,19:19/고/27,--:--/-/--/--,--:--/-/--/--
부산,2021-05-03,00:33/고/94,06:56/저/32,13:08/고/77,18:55/저/38
포항,2021-05-03,03:28/저/13,19:41/고/34,--:--/-/--/--,--:--/-/--/--
통영,2021-05-03,01:26/고/210,07:46/저/95,13:27/고/161,19:26/저/80
태안,2021-05-03,02:18/저/115,08:55/고/645,15:26/저/233,21:03/고/519
울산,2021-05-03,05:52/저/9,12:59/고/41,18:15/저/27,23:25/고/39
울릉도,2021-05-03,02:11/저/2,18:53/고/27,--:--/-/--/--,--:--/-/--/--
제주도,2021-05-03,04:10/고/234,10:42/저/126,15:20/고/168,22:08/저/89
인천,2021-05-03,02:50/저/127,09:18/고/771,15:48/저/259,21:33/고/639
영흥도,2021-05-03,02:36/저/126,09:08/고/723,15:37/저/253,21:19/고/593
목포,2021-05-04,00:12/저/88,08:04/고/394,13:43/저/152,20:12/고/299
여수,2021-05-04,03:07/고/255,09:49/저/138,15:29/고/204,21:21/저/126
속초,2021-05-04,03:46/저/1,12:35/고/21,15:41/저/20,20:39/고/25
부산,2021-05-04,01:51/고/85,08:26/저/38,14:59/고/75,20:26/저/45
포항,2021-05-04,04:31/저/14,21:00/고/32,--:--/-/--/--,--:--/-/--/--
통영,2021-05-04,02:51/고/193,09:25/저/103,15:14/고/154,20:56/저/94
태안,2021-05-04,03:16/저/175,10:04/고/597,16:46/저/265,22:25/고/486
울산,2021-05-04,07:08/저/13,14:42/고/39,19:49/저/28,--:--/-/--/--
울릉도,2021-05-04,03:22/저/5,12:04/고/23,15:34/저/22,20:21/고/26
제주도,2021-05-04,05:44/고/224,12:13/저/127,17:29/고/165,23:37/저/103
인천,2021-05-04,03:45/저/200,10:24/고/712,17:05/저/303,22:52/고/597
영흥도,2021-05-04,03:31/저/196,10:15/고/667,16:55/저/294,22:39/고/550
목포,2021-05-05,01:37/저/122,09:17/고/374,15:10/저/145,21:40/고/304
여수,2021-05-05,04:47/고/249,11:19/저/127,17:10/고/214,23:01/저/124
속초,2021-05-05,04:55/저/3,13:01/고/22,17:15/저/18,22:11/고/24
부산,2021-05-05,03:42/고/82,10:00/저/37,16:29/고/80,22:01/저/44
포항,2021-05-05,05:34/저/15,14:25/고/30,18:15/저/28,22:26/고/30
통영,2021-05-05,04:30/고/189,10:55/저/96,16:53/고/164,22:33/저/94
태안,2021-05-05,04:38/저/222,11:32/고/569,18:17/저/262,--:--/-/--/--
울산,2021-05-05,01:02/고/35,08:41/저/15,15:58/고/40,21:25/저/25
울릉도,2021-05-05,04:31/저/7,12:26/고/23,17:07/저/20,21:56/고/25
제주도,2021-05-05,07:00/고/220,13:25/저/118,19:08/고/176,--:--/-/--/--
인천,2021-05-05,05:05/저/258,11:51/고/677,18:37/저/303,--:--/-/--/--
영흥도,2021-05-05,04:52/저/252,11:43/고/634,18:30/저/293,--:--/-/--/--
목포,2021-05-06,03:11/저/129,10:35/고/369,16:14/저/126,23:03/고/330
여수,2021-05-06,05:58/고/255,12:13/저/110,18:14/고/234,--:--/-/--/--
속초,2021-05-06,05:55/저/5,13:17/고/22,18:23/저/15,23:39/고/23
부산,2021-05-06,05:04/고/86,11:06/저/31,17:28/고/88,23:12/저/38
포항,2021-05-06,06:33/저/17,14:50/고/30,19:35/저/26,--:--/-/--/--
통영,2021-05-06,05:42/고/194,11:52/저/83,17:56/고/181,23:46/저/85
태안,2021-05-06,00:06/고/492,06:16/저/233,12:56/고/571,19:30/저/228
울산,2021-05-06,03:46/고/35,10:02/저/13,16:50/고/42,22:33/저/20
울릉도,2021-05-06,05:32/저/9,12:40/고/24,18:09/저/18,23:23/고/24
제주도,2021-05-06,01:03/저/106,07:53/고/219,14:14/저/107,20:08/고/190
인천,2021-05-06,00:31/고/600,06:42/저/270,13:20/고/682,19:55/저/262
영흥도,2021-05-06,00:22/고/550,06:32/저/264,13:11/고/637,19:47/저/253
목포,2021-05-07,04:24/저/118,11:37/고/374,17:05/저/101,--:--/-/--/--
여수,2021-05-07,00:10/저/111,06:46/고/263,12:51/저/91,18:59/고/256
속초,2021-05-07,06:43/저/7,13:29/고/23,19:15/저/13,--:--/-/--/--
부산,2021-05-07,05:57/고/91,11:52/저/24,18:12/고/96,--:--/-/--/--
포항,2021-05-07,00:00/고/29,07:26/저/19,15:15/고/29,20:40/저/25
통영,2021-05-07,06:30/고/202,12:31/저/69,18:41/고/199,--:--/-/--/--
태안,2021-05-07,01:28/고/534,07:36/저/211,13:58/고/590,20:22/저/186
울산,2021-05-07,05:01/고/38,10:59/저/12,17:30/고/45,23:19/저/16
울릉도,2021-05-07,06:19/저/11,12:51/고/24,18:55/저/16,--:--/-/--/--
제주도,2021-05-07,02:11/저/104,08:30/고/218,14:52/저/95,20:50/고/205
인천,2021-05-07,01:54/고/650,08:03/저/240,14:25/고/712,20:49/저/208
영흥도,2021-05-07,01:46/고/596,07:54/저/234,14:15/고/662,20:41/저/200
목포,2021-05-08,00:02/고/363,05:19/저/101,12:25/고/380,17:46/저/77
여수,2021-05-08,00:58/저/97,07:23/고/270,13:23/저/75,19:37/고/275
속초,2021-05-08,00:51/고/23,07:21/저/8,13:41/고/24,19:57/저/10
부산,2021-05-08,00:02/저/30,06:37/고/96,12:31/저/18,18:50/고/103
포항,2021-05-08,01:35/고/28,08:11/저/21,15:32/고/29,21:33/저/23
통영,2021-05-08,00:36/저/74,07:07/고/209,13:05/저/55,19:20/고/215
태안,2021-05-08,02:24/고/585,08:33/저/179,14:43/고/610,21:02/저/148
울산,2021-05-08,05:51/고/41,11:43/저/10,18:06/고/46,23:58/저/12
울릉도,2021-05-08,00:35/고/24,06:56/저/13,13:04/고/25,19:33/저/14
제주도,2021-05-08,03:01/저/100,08:59/고/219,15:24/저/84,21:25/고/219
인천,2021-05-08,02:52/고/715,09:02/저/196,15:12/고/744,21:32/저/158
영흥도,2021-05-08,02:43/고/656,08:52/저/191,15:02/고/689,21:22/저/150
목포,2021-05-09,00:49/고/392,06:04/저/85,13:04/고/383,18:22/저/56
여수,2021-05-09,01:37/저/85,07:55/고/276,13:53/저/61,20:11/고/292
속초,2021-05-09,01:47/고/23,07:54/저/10,13:57/고/26,20:33/저/8
부산,2021-05-09,00:42/저/23,07:11/고/100,13:05/저/13,19:24/고/108
포항,2021-05-09,02:57/고/28,08:47/저/23,15:33/고/29,22:14/저/22
통영,2021-05-09,01:16/저/64,07:39/고/214,13:36/저/44,19:55/고/228
태안,2021-05-09,03:07/고/630,09:18/저/152,15:20/고/626,21:36/저/117
울산,2021-05-09,06:31/고/44,12:20/저/9,18:39/고/48,--:--/-/--/--
울릉도,2021-05-09,01:34/고/25,07:25/저/16,13:20/고/27,20:07/저/13
제주도,2021-05-09,03:44/저/96,09:25/고/219,15:54/저/73,21:57/고/232
인천,2021-05-09,03:36/고/773,09:48/저/158,15:50/고/768,22:08/저/119
영흥도,2021-05-09,03:27/고/709,09:38/저/153,15:40/고/709,21:57/저/111
목포,2021-05-10,01:29/고/415,06:43/저/73,13:37/고/383,18:54/저/40
여수,2021-05-10,02:11/저/76,08:24/고/280,14:22/저/50,20:44/고/306
속초,2021-05-10,02:35/고/24,08:22/저/12,14:16/고/27,21:07/저/7
부산,2021-05-10,01:18/저/17,07:40/고/103,13:36/저/9,19:56/고/112
포항,2021-05-10,04:10/고/29,09:11/저/26,15:15/고/30,22:48/저/21
통영,2021-05-10,01:52/저/56,08:08/고/217,14:06/저/35,20:29/고/238
태안,2021-05-10,03:43/고/664,09:56/저/133,15:51/고/635,22:06/저/96
울산,2021-05-10,00:32/저/9,07:04/고/46,12:53/저/10,19:10/고/50
울릉도,2021-05-10,02:25/고/25,07:52/저/18,13:39/고/28,20:38/저/12
제주도,2021-05-10,04:20/저/93,09:51/고/220,16:22/저/63,22:27/고/243
인천,2021-05-10,04:13/고/814,10:28/저/133,16:22/고/782,22:40/저/92
영흥도,2021-05-10,04:03/고/749,10:16/저/127,16:13/고/722,22:28/저/83
목포,2021-05-11,02:06/고/430,07:18/저/67,14:07/고/380,19:24/저/29
여수,2021-05-11,02:44/저/70,08:52/고/282,14:50/저/44,21:15/고/317
속초,2021-05-11,03:18/고/24,08:48/저/14,14:37/고/29,21:39/저/6
부산,2021-05-11,01:51/저/13,08:07/고/104,14:06/저/8,20:27/고/115
포항,2021-05-11,05:24/고/30,09:26/저/28,15:07/고/32,23:20/저/21
통영,2021-05-11,02:25/저/52,08:35/고/219,14:34/저/30,21:00/고/246
태안,2021-05-11,04:16/고/686,10:30/저/123,16:21/고/639,22:34/저/83
울산,2021-05-11,01:05/저/7,07:35/고/48,13:24/저/11,19:41/고/51
울릉도,2021-05-11,03:14/고/26,08:17/저/20,13:59/고/30,21:09/저/12
제주도,2021-05-11,04:55/저/92,10:16/고/219,16:48/저/56,22:57/고/251
인천,2021-05-11,04:46/고/839,11:03/저/121,16:53/고/788,23:09/저/76
영흥도,2021-05-11,04:37/고/774,10:51/저/114,16:44/고/727,22:58/저/67
목포,2021-05-12,02:40/고/439,07:51/저/66,14:36/고/376,19:52/저/22
여수,2021-05-12,03:16/저/68,09:20/고/282,15:18/저/41,21:47/고/323
속초,2021-05-12,04:01/고/24,09:13/저/16,15:01/고/30,22:12/저/5
부산,2021-05-12,02:21/저/11,08:32/고/105,14:34/저/9,20:56/고/117
포항,2021-05-12,06:37/고/31,09:45/저/30,15:13/고/34,23:53/저/20
통영,2021-05-12,02:57/저/50,09:01/고/218,15:01/저/28,21:31/고/250
태안,2021-05-12,04:46/고/699,11:03/저/121,16:50/고/637,23:01/저/76
울산,2021-05-12,01:36/저/5,08:05/고/50,13:53/저/13,20:10/고/52
울릉도,2021-05-12,04:06/고/27,08:41/저/22,14:20/고/31,21:43/저/11
제주도,2021-05-12,05:27/저/93,10:43/고/217,17:14/저/51,23:28/고/257
인천,2021-05-12,05:17/고/851,11:35/저/120,17:23/고/788,23:37/저/69
영흥도,2021-05-12,05:09/고/787,11:25/저/112,17:15/고/726,23:27/저/60
목포,2021-05-13,03:13/고/443,08:23/저/68,15:05/고/371,20:20/저/20
여수,2021-05-13,03:46/저/69,09:47/고/279,15:46/저/43,22:18/고/324
속초,2021-05-13,04:46/고/24,09:38/저/17,15:26/고/31,22:46/저/4
부산,2021-05-13,02:51/저/10,08:58/고/105,15:01/저/11,21:26/고/118
포항,2021-05-13,07:41/고/33,09:45/저/32,15:30/고/35,--:--/-/--/--
통영,2021-05-13,03:28/저/51,09:27/고/216,15:28/저/29,22:02/고/251
태안,2021-05-13,05:16/고/705,11:34/저/127,17:19/고/630,23:29/저/75
울산,2021-05-13,02:07/저/4,08:34/고/51,14:21/저/15,20:38/고/52
울릉도,2021-05-13,05:03/고/28,09:05/저/24,14:43/고/32,22:20/저/11
제주도,2021-05-13,05:58/저/96,11:10/고/214,17:42/저/50,--:--/-/--/--
인천,2021-05-13,05:47/고/853,12:06/저/126,17:52/고/781,--:--/-/--/--
영흥도,2021-05-13,05:39/고/791,11:57/저/119,17:45/고/718,23:56/저/64
목포,2021-05-14,03:46/고/442,08:54/저/75,15:35/고/364,20:49/저/21
여수,2021-05-14,04:18/저/75,10:16/고/274,16:16/저/49,22:50/고/319
속초,2021-05-14,05:34/고/24,10:03/저/19,15:54/고/32,23:22/저/5
부산,2021-05-14,03:22/저/12,09:26/고/104,15:29/저/14,21:58/고/117
포항,2021-05-14,00:28/저/20,15:54/고/37,--:--/-/--/--,--:--/-/--/--
통영,2021-05-14,03:59/저/55,09:55/고/212,15:57/저/34,22:34/고/247
태안,2021-05-14,05:46/고/704,12:05/저/140,17:48/고/619,23:57/저/80
울산,2021-05-14,02:38/저/4,09:03/고/51,14:48/저/18,21:06/고/52
울릉도,2021-05-14,06:14/고/28,09:29/저/26,15:07/고/33,23:02/저/11
제주도,2021-05-14,00:00/고/259,06:31/저/102,11:38/고/210,18:12/저/52
인천,2021-05-14,00:06/저/70,06:16/고/849,12:37/저/140,18:22/고/767
영흥도,2021-05-14,06:09/고/787,12:28/저/134,18:15/고/705,--:--/-/--/--
목포,2021-05-15,04:18/고/438,09:27/저/85,16:07/고/354,21:21/저/28
여수,2021-05-15,04:50/저/85,10:45/고/264,16:47/저/61,23:24/고/309
속초,2021-05-15,06:30/고/24,10:28/저/20,16:23/고/32,--:--/-/--/--
부산,2021-05-15,03:54/저/15,09:56/고/101,16:00/저/20,22:30/고/113
포항,2021-05-15,01:04/저/20,16:23/고/38,--:--/-/--/--,--:--/-/--/--
통영,2021-05-15,04:31/저/62,10:24/고/204,16:27/저/43,23:07/고/240
태안,2021-05-15,06:16/고/698,12:37/저/158,18:17/고/603,--:--/-/--/--
울산,2021-05-15,03:09/저/6,09:33/고/50,15:18/저/21,21:34/고/51
울릉도,2021-05-15,07:33/고/28,09:52/저/27,15:35/고/33,23:47/저/11
제주도,2021-05-15,00:35/고/257,07:07/저/110,12:09/고/203,18:46/저/59
인천,2021-05-15,00:34/저/79,06:46/고/839,13:08/저/161,18:52/고/747
영흥도,2021-05-15,00:25/저/76,06:39/고/778,12:59/저/156,18:45/고/686
목포,2021-05-16,04:52/고/430,10:03/저/100,16:43/고/341,21:55/저/40
여수,2021-05-16,05:26/저/98,11:17/고/250,17:21/저/76,--:--/-/--/--
속초,2021-05-16,00:01/저/5,07:38/고/23,10:52/저/21,16:55/고/31
부산,2021-05-16,04:28/저/21,10:27/고/96,16:34/저/26,23:06/고/108
포항,2021-05-16,01:42/저/20,16:54/고/38,--:--/-/--/--,--:--/-/--/--
통영,2021-05-16,05:05/저/73,10:55/고/194,17:01/저/55,23:45/고/229
태안,2021-05-16,00:26/저/91,06:47/고/686,13:09/저/182,18:48/고/584
울산,2021-05-16,03:42/저/8,10:05/고/48,15:51/저/24,22:03/고/48
울릉도,2021-05-16,16:06/고/33,--:--/-/--/--,--:--/-/--/--,--:--/-/--/--
제주도,2021-05-16,01:13/고/251,07:49/저/120,12:43/고/194,19:24/저/70
인천,2021-05-16,01:03/저/96,07:16/고/824,13:40/저/189,19:23/고/721
영흥도,2021-05-16,00:54/저/95,07:10/고/765,13:31/저/183,19:15/고/663
목포,2021-05-17,05:29/고/418,10:43/저/117,17:21/고/328,22:34/저/59
여수,2021-05-17,00:02/고/294,06:05/저/114,11:53/고/234,18:01/저/93
속초,2021-05-17,00:46/저/6,08:56/고/23,11:17/저/22,17:30/고/31
부산,2021-05-17,05:05/저/28,11:03/고/90,17:15/저/34,23:46/고/102
포항,2021-05-17,02:21/저/20,17:27/고/38,--:--/-/--/--,--:--/-/--/--
통영,2021-05-17,05:44/저/85,11:31/고/182,17:41/저/69,--:--/-/--/--
태안,2021-05-17,00:58/저/110,07:21/고/667,13:45/저/210,19:23/고/560
울산,2021-05-17,04:19/저/10,10:40/고/46,16:33/저/26,22:34/고/45
울릉도,2021-05-17,00:35/저/12,16:44/고/32,--:--/-/--/--,--:--/-/--/--
제주도,2021-05-17,01:58/고/242,08:39/저/130,13:23/고/185,20:10/저/83
인천,2021-05-17,01:34/저/121,07:49/고/803,14:14/저/223,19:57/고/690
영흥도,2021-05-17,01:24/저/120,07:43/고/746,14:05/저/215,19:49/고/637
목포,2021-05-18,06:10/고/404,11:29/저/135,18:07/고/316,23:22/저/82
여수,2021-05-18,00:47/고/278,06:55/저/130,12:38/고/218,18:54/저/110
속초,2021-05-18,01:39/저/7,18:14/고/30,--:--/-/--/--,--:--/-/--/--
부산,2021-05-18,05:51/저/35,11:51/고/83,18:10/저/41,--:--/-/--/--
포항,2021-05-18,03:01/저/20,18:04/고/37,--:--/-/--/--,--:--/-/--/--
통영,2021-05-18,00:29/고/216,06:33/저/98,12:17/고/169,18:35/저/83
태안,2021-05-18,01:34/저/137,08:01/고/641,14:27/저/237,20:05/고/534
울산,2021-05-18,05:01/저/13,11:28/고/43,17:34/저/29,23:15/고/42
울릉도,2021-05-18,01:27/저/12,17:32/고/31,--:--/-/--/--,--:--/-/--/--
제주도,2021-05-18,02:54/고/232,09:43/저/137,14:17/고/175,21:07/저/95
인천,2021-05-18,02:09/저/154,08:28/고/774,14:54/저/259,20:38/고/655
영흥도,2021-05-18,01:59/저/150,08:22/고/722,14:46/저/248,20:30/고/609
목포,2021-05-19,06:58/고/391,12:29/저/149,19:02/고/308,--:--/-/--/--
여수,2021-05-19,01:44/고/262,08:04/저/141,13:53/고/206,20:09/저/123
속초,2021-05-19,02:40/저/8,19:13/고/28,--:--/-/--/--,--:--/-/--/--
부산,2021-05-19,00:39/고/95,06:51/저/41,13:12/고/79,19:28/저/46
포항,2021-05-19,03:46/저/21,18:48/고/36,--:--/-/--/--,--:--/-/--/--
통영,2021-05-19,01:26/고/204,07:42/저/107,13:37/고/160,19:51/저/93
태안,2021-05-19,02:18/저/172,08:51/고/610,15:23/저/259,21:06/고/508
울산,2021-05-19,05:54/저/16,12:48/고/42,19:03/저/30,--:--/-/--/--
울릉도,2021-05-19,02:22/저/12,11:22/고/27,13:35/저/26,18:35/고/29
제주도,2021-05-19,04:04/고/224,10:59/저/137,15:45/고/170,22:19/저/104
인천,2021-05-19,02:51/저/195,09:16/고/740,15:47/저/291,21:35/고/624
영흥도,2021-05-19,02:42/저/186,09:11/고/693,15:39/저/275,21:28/고/583
목포,2021-05-20,00:24/저/107,07:56/고/380,13:45/저/150,20:12/고/311
여수,2021-05-20,03:00/고/254,09:33/저/139,15:43/고/209,21:41/저/124
속초,2021-05-20,03:44/저/8,11:58/고/25,15:52/저/23,20:34/고/27
부산,2021-05-20,01:54/고/91,08:15/저/42,15:12/고/80,20:57/저/44
포항,2021-05-20,04:37/저/21,13:53/고/35,--:--/-/--/--,--:--/-/--/--
통영,2021-05-20,02:42/고/198,09:11/저/106,15:31/고/164,21:21/저/93
태안,2021-05-20,03:21/저/209,09:58/고/585,16:39/저/264,22:32/고/501
울산,2021-05-20,00:25/고/40,07:05/저/18,14:48/고/43,20:37/저/28
울릉도,2021-05-20,03:20/저/12,11:32/고/27,15:29/저/25,19:55/고/28
제주도,2021-05-20,05:21/고/222,12:11/저/128,17:35/고/176,23:39/저/106
인천,2021-05-20,03:50/저/237,10:22/고/708,17:01/저/303,22:58/고/612
영흥도,2021-05-20,03:41/저/222,10:18/고/668,16:52/저/284,22:50/고/576
목포,2021-05-21,01:48/저/122,09:03/고/376,15:04/저/132,21:36/고/330
여수,2021-05-21,04:22/고/257,10:50/저/122,17:11/고/230,23:03/저/111
속초,2021-05-21,04:44/저/9,12:11/고/26,17:12/저/20,22:11/고/26
부산,2021-05-21,03:22/고/92,09:39/저/37,16:32/고/89,22:14/저/37
포항,2021-05-21,05:30/저/22,13:44/고/35,17:49/저/33,21:30/고/34
통영,2021-05-21,04:03/고/201,10:30/저/93,16:55/고/181,22:42/저/83
태안,2021-05-21,04:47/저/230,11:20/고/578,18:03/저/237,--:--/-/--/--
울산,2021-05-21,02:13/고/40,08:28/저/18,16:00/고/46,21:49/저/25
울릉도,2021-05-21,04:17/저/13,11:43/고/27,16:51/저/23,21:29/고/27
제주도,2021-05-21,06:23/고/225,13:07/저/113,18:52/고/192,--:--/-/--/--
인천,2021-05-21,05:13/저/262,11:46/고/699,18:26/저/278,--:--/-/--/--
영흥도,2021-05-21,05:03/저/243,11:37/고/662,18:14/저/258,--:--/-/--/--
목포,2021-05-22,03:19/저/115,10:14/고/381,16:08/저/98,22:54/고/365
여수,2021-05-22,05:31/고/270,11:47/저/97,18:12/고/260,--:--/-/--/--
속초,2021-05-22,05:37/저/10,12:26/고/27,18:11/저/17,23:43/고/27
부산,2021-05-22,04:36/고/97,10:43/저/27,17:28/고/99,23:16/저/27
포항,2021-05-22,06:24/저/24,13:55/고/35,18:44/저/31,--:--/-/--/--
통영,2021-05-22,05:12/고/211,11:28/저/73,17:56/고/205,23:47/저/67
태안,2021-05-22,00:05/고/530,06:18/저/217,12:37/고/596,19:11/저/186
울산,2021-05-22,03:45/고/43,09:43/저/16,16:51/고/49,22:43/저/20
울릉도,2021-05-22,05:12/저/14,11:57/고/28,17:49/저/20,23:12/고/27
제주도,2021-05-22,00:54/저/101,07:14/고/230,13:52/저/94,19:49/고/215
인천,2021-05-22,00:32/고/645,06:45/저/247,13:07/고/723,19:40/저/217
영흥도,2021-05-22,00:20/고/608,06:33/저/228,12:54/고/683,19:26/저/201
목포,2021-05-23,04:32/저/92,11:18/고/393,17:02/저/57,23:58/고/409
여수,2021-05-23,00:08/저/92,06:26/고/286,12:33/저/69,19:03/고/293
속초,2021-05-23,06:25/저/11,12:46/고/29,19:03/저/13,--:--/-/--/--
부산,2021-05-23,05:34/고/105,11:36/저/16,18:18/고/110,--:--/-/--/--
포항,2021-05-23,00:04/고/34,07:18/저/26,14:00/고/35,19:36/저/29
통영,2021-05-23,06:06/고/224,12:15/저/49,18:47/고/231,--:--/-/--/--
태안,2021-05-23,01:19/고/588,07:34/저/178,13:40/고/627,20:06/저/128
울산,2021-05-23,04:53/고/48,10:44/저/13,17:36/고/53,23:30/저/15
울릉도,2021-05-23,06:02/저/16,12:16/고/29,18:39/저/17,--:--/-/--/--
제주도,2021-05-23,02:01/저/92,07:58/고/236,14:34/저/70,20:40/고/240
인천,2021-05-23,01:48/고/716,08:05/저/200,14:13/고/765,20:39/저/145
영흥도,2021-05-23,01:35/고/672,07:50/저/186,13:58/고/717,20:24/저/133
목포,2021-05-24,05:31/저/64,12:14/고/404,17:49/저/17,--:--/-/--/--
여수,2021-05-24,01:03/저/71,07:14/고/302,13:17/저/43,19:51/고/324
속초,2021-05-24,01:00/고/28,07:09/저/13,13:11/고/31,19:52/저/9
부산,2021-05-24,00:10/저/16,06:25/고/112,12:23/저/6,19:05/고/120
포항,2021-05-24,02:26/고/35,08:09/저/30,14:03/고/37,20:28/저/27
통영,2021-05-24,00:43/저/50,06:55/고/237,12:59/저/26,19:36/고/255
태안,2021-05-24,02:17/고/653,08:36/저/135,14:34/고/656,20:55/저/74
울산,2021-05-24,05:50/고/53,11:35/저/12,18:20/고/56,--:--/-/--/--
울릉도,2021-05-24,00:43/고/28,06:47/저/18,12:39/고/31,19:26/저/14
제주도,2021-05-24,02:59/저/81,08:40/고/242,15:16/저/46,21:27/고/266
인천,2021-05-24,02:48/고/797,09:09/저/145,15:08/고/805,21:30/저/77
영흥도,2021-05-24,02:35/고/745,08:54/저/138,14:53/고/750,21:15/저/69
목포,2021-05-25,00:55/고/451,06:22/저/40,13:05/고/411,18:34/저/-17
여수,2021-05-25,01:53/저/54,08:00/고/313,14:00/저/21,20:38/고/350
속초,2021-05-25,02:06/고/28,07:52/저/15,13:42/고/33,20:41/저/5
부산,2021-05-25,01:00/저/6,07:13/고/118,13:09/저/-2,19:52/고/128
포항,2021-05-25,04:20/고/37,08:54/저/34,14:16/고/39,21:24/저/25
통영,2021-05-25,01:33/저/35,07:42/고/245,13:42/저/8,20:23/고/274
태안,2021-05-25,03:08/고/710,09:30/저/100,15:22/고/675,21:40/저/34
울산,2021-05-25,00:15/저/10,06:42/고/58,12:23/저/12,19:03/고/58
울릉도,2021-05-25,01:58/고/29,07:28/저/22,13:08/고/34,20:14/저/11
제주도,2021-05-25,03:52/저/72,09:22/고/245,15:59/저/25,22:15/고/287
인천,2021-05-25,03:40/고/866,10:04/저/101,15:57/고/831,22:17/저/26
영흥도,2021-05-25,03:27/고/808,09:49/저/101,15:43/고/772,22:02/저/21
목포,2021-05-26,01:48/고/484,07:09/저/26,13:54/고/412,19:17/저/-40
여수,2021-05-26,02:40/저/44,08:45/고/319,14:43/저/9,21:24/고/365
속초,2021-05-26,03:09/고/29,08:32/저/18,14:16/고/36,21:31/저/2
부산,2021-05-26,01:47/저/0,07:59/고/122,13:54/저/-5,20:38/고/132
포항,2021-05-26,05:49/고/39,09:30/저/37,14:39/고/42,22:23/저/23
통영,2021-05-26,02:22/저/27,08:26/고/248,14:25/저/-2,21:10/고/285
태안,2021-05-26,03:56/고/752,10:20/저/80,16:08/고/681,22:25/저/10
울산,2021-05-26,00:59/저/6,07:32/고/62,13:09/저/13,19:44/고/60
울릉도,2021-05-26,03:08/고/31,08:06/저/25,13:40/고/37,21:03/저/9
제주도,2021-05-26,04:43/저/68,10:03/고/246,16:41/저/11,23:02/고/300
인천,2021-05-26,04:28/고/914,10:55/저/76,16:44/고/840,23:03/저/-3
영흥도,2021-05-26,04:16/고/852,10:40/저/80,16:29/고/780,22:47/저/-7
목포,2021-05-27,02:40/고/507,07:55/저/25,14:42/고/407,19:59/저/-47
여수,2021-05-27,03:27/저/43,09:29/고/317,15:26/저/6,22:10/고/369
속초,2021-05-27,04:13/고/29,09:12/저/20,14:55/고/38,22:23/저/1
부산,2021-05-27,02:34/저/-3,08:45/고/121,14:39/저/-4,21:23/고/132
포항,2021-05-27,07:06/고/41,09:45/저/40,15:10/고/45,23:22/저/22
통영,2021-05-27,03:09/저/26,09:10/고/245,15:08/저/-4,21:57/고/287
태안,2021-05-27,04:43/고/775,11:09/저/77,16:54/고/675,23:08/저/3
울산,2021-05-27,01:43/저/4,08:20/고/64,13:54/저/16,20:23/고/60
울릉도,2021-05-27,04:18/고/32,08:40/저/28,14:16/고/39,21:56/저/8
제주도,2021-05-27,05:32/저/69,10:46/고/242,17:25/저/5,23:51/고/304
인천,2021-05-27,05:15/고/938,11:43/저/71,17:29/고/834,23:47/저/-11
영흥도,2021-05-27,05:04/고/874,11:28/저/78,17:15/고/774,23:31/저/-14
목포,2021-05-28,03:31/고/516,08:41/저/35,15:29/고/397,20:42/저/-40
여수,2021-05-28,04:14/저/51,10:12/고/307,16:10/저/15,22:56/고/361
속초,2021-05-28,05:24/고/28,09:51/저/22,15:37/고/39,23:18/저/1
부산,2021-05-28,03:20/저/-1,09:30/고/118,15:24/저/2,22:07/고/129
포항,2021-05-28,15:49/고/47,--:--/-/--/--,--:--/-/--/--,--:--/-/--/--
통영,2021-05-28,03:57/저/32,09:54/고/236,15:52/저/4,22:43/고/279
태안,2021-05-28,05:30/고/781,11:57/저/89,17:39/고/660,23:52/저/11
울산,2021-05-28,02:28/저/4,09:07/고/63,14:38/저/20,21:00/고/60
울릉도,2021-05-28,05:35/고/32,09:11/저/30,14:57/고/41,22:53/저/8
제주도,2021-05-28,06:22/저/78,11:29/고/233,18:10/저/11,--:--/-/--/--
인천,2021-05-28,06:01/고/940,12:29/저/85,18:14/고/816,--:--/-/--/--
영흥도,2021-05-28,05:50/고/876,12:15/저/91,18:00/고/757,--:--/-/--/--
목포,2021-05-29,04:20/고/512,09:26/저/55,16:16/고/384,21:26/저/-18
여수,2021-05-29,05:01/저/66,10:57/고/290,16:54/저/33,23:43/고/343
속초,2021-05-29,06:42/고/27,10:30/저/24,16:22/고/39,--:--/-/--/--
부산,2021-05-29,04:06/저/5,10:15/고/111,16:08/저/11,22:51/고/122
포항,2021-05-29,00:21/저/22,16:34/고/48,--:--/-/--/--,--:--/-/--/--
통영,2021-05-29,04:44/저/45,10:38/고/223,16:37/저/20,23:30/고/265
태안,2021-05-29,06:17/고/771,12:44/저/112,18:24/고/638,--:--/-/--/--
울산,2021-05-29,03:12/저/5,09:54/고/61,15:23/저/25,21:35/고/58
울릉도,2021-05-29,07:03/고/33,09:37/저/32,15:41/고/42,23:51/저/9
제주도,2021-05-29,00:41/고/297,07:13/저/91,12:14/고/221,18:57/저/27
인천,2021-05-29,00:29/저/1,06:47/고/924,13:14/저/113,18:59/고/790
영흥도,2021-05-29,00:15/저/0,06:35/고/860,13:01/저/117,18:44/고/731
목포,2021-05-30,05:09/고/497,10:14/저/79,17:04/고/369,22:12/저/14
여수,2021-05-30,05:51/저/86,11:43/고/269,17:40/저/57,--:--/-/--/--
속초,2021-05-30,00:14/저/2,08:00/고/27,11:12/저/25,17:12/고/38
부산,2021-05-30,04:53/저/14,11:02/고/103,16:54/저/21,23:35/고/113
포항,2021-05-30,01:19/저/22,17:25/고/48,--:--/-/--/--,--:--/-/--/--
통영,2021-05-30,05:32/저/62,11:24/고/207,17:22/저/40,--:--/-/--/--
태안,2021-05-30,00:36/저/34,07:04/고/748,13:31/저/143,19:10/고/612
울산,2021-05-30,03:58/저/8,10:43/고/58,16:10/저/28,22:09/고/56
울릉도,2021-05-30,16:30/고/41,--:--/-/--/--,--:--/-/--/--,--:--/-/--/--
제주도,2021-05-30,01:36/고/283,08:08/저/107,13:02/고/207,19:47/저/50
인천,2021-05-30,01:12/저/30,07:32/고/895,13:59/저/150,19:44/고/758
영흥도,2021-05-30,00:58/저/31,07:20/고/831,13:47/저/151,19:29/고/698
목포,2021-05-31,05:58/고/473,11:06/저/104,17:53/고/353,23:01/저/53
여수,2021-05-31,00:33/고/318,06:44/저/107,12:34/고/247,18:31/저/84
속초,2021-05-31,01:13/저/4,09:18/고/26,12:02/저/25,18:05/고/36
부산,2021-05-31,05:42/저/24,11:54/고/96,17:43/저/32,--:--/-/--/--
포항,2021-05-31,02:15/저/23,18:23/고/47,--:--/-/--/--,--:--/-/--/--
통영,2021-05-31,00:18/고/245,06:25/저/79,12:15/고/191,18:12/저/62
태안,2021-05-31,01:20/저/70,07:51/고/713,14:19/저/177,19:58/고/583
울산,2021-05-31,04:46/저/12,11:36/고/54,17:00/저/31,22:44/고/52
울릉도,2021-05-31,00:51/저/11,17:25/고/40,--:--/-/--/--,--:--/-/--/--
제주도,2021-05-31,02:35/고/265,09:09/저/120,13:58/고/194,20:42/저/75
인천,2021-05-31,01:55/저/74,08:17/고/854,14:46/저/192,20:30/고/722
영흥도,2021-05-31,01:41/저/75,08:06/고/792,14:35/저/190,20:17/고/660
목포,2021-06-01,06:47/고/444,12:02/저/125,18:48/고/339,23:58/저/94
여수,2021-06-01,01:27/고/292,07:46/저/124,13:36/고/229,19:29/저/109
속초,2021-06-01,02:14/저/6,10:34/고/26,13:29/저/25,19:06/고/33
부산,2021-06-01,00:21/고/105,06:37/저/34,12:57/고/90,18:40/저/42
포항,2021-06-01,03:12/저/25,19:30/고/45,--:--/-/--/--,--:--/-/--/--
통영,2021-06-01,01:10/고/226,07:24/저/94,13:16/고/179,19:09/저/83
태안,2021-06-01,02:07/저/116,08:40/고/671,15:11/저/210,20:53/고/553
울산,2021-06-01,05:37/저/16,12:40/고/50,18:00/저/33,23:30/고/48
울릉도,2021-06-01,01:51/저/13,18:30/고/37,--:--/-/--/--,--:--/-/--/--
제주도,2021-06-01,03:42/고/247,10:16/저/128,15:11/고/184,21:46/저/99
인천,2021-06-01,02:41/저/129,09:05/고/805,15:36/저/234,21:23/고/684
영흥도,2021-06-01,02:26/저/129,08:55/고/745,15:26/저/228,21:10/고/622
목포,2021-06-02,07:39/고/414,13:07/저/138,19:50/고/331,--:--/-/--/--
여수,2021-06-02,02:30/고/269,09:00/저/132,14:53/고/219,20:40/저/128
속초,2021-06-02,03:14/저/9,11:26/고/27,15:15/저/25,20:15/고/30
부산,2021-06-02,01:18/고/97,07:43/저/40,14:16/고/87,19:48/저/48
포항,2021-06-02,04:08/저/26,12:35/고/40,16:15/저/39,20:46/고/42
통영,2021-06-02,02:09/고/209,08:33/저/102,14:34/고/174,20:16/저/99
태안,2021-06-02,03:00/저/167,09:35/고/627,16:11/저/234,21:58/고/530
울산,2021-06-02,06:37/저/19,13:52/고/48,19:10/저/33,--:--/-/--/--
울릉도,2021-06-02,02:52/저/16,11:19/고/32,15:00/저/31,19:48/고/34
제주도,2021-06-02,04:54/고/233,11:27/저/129,16:51/고/181,22:59/저/117
인천,2021-06-02,03:32/저/191,09:58/고/754,16:34/저/267,22:26/고/653
영흥도,2021-06-02,03:18/저/188,09:50/고/697,16:26/저/258,22:16/고/592
목포,2021-06-03,01:07/저/128,08:37/고/388,14:16/저/140,21:03/고/333
여수,2021-06-03,03:42/고/253,10:15/저/129,16:17/고/222,22:02/저/136
속초,2021-06-03,04:12/저/11,11:55/고/27,16:47/저/23,21:39/고/28
부산,2021-06-03,02:32/고/91,08:58/저/43,15:33/고/89,21:04/저/51
포항,2021-06-03,05:01/저/27,13:09/고/39,17:53/저/37,22:11/고/39
통영,2021-06-03,03:19/고/198,09:47/저/102,15:57/고/177,21:33/저/107
태안,2021-06-03,04:05/저/216,10:38/고/589,17:18/저/243,23:17/고/525
울산,2021-06-03,00:41/고/45,07:48/저/22,14:58/고/48,20:27/저/31
울릉도,2021-06-03,03:49/저/18,11:26/고/32,16:40/저/28,21:20/고/32
제주도,2021-06-03,05:59/고/224,12:31/저/124,18:29/고/188,--:--/-/--/--
인천,2021-06-03,04:34/저/247,11:01/고/709,17:42/저/282,23:43/고/643
영흥도,2021-06-03,04:22/저/240,10:55/고/657,17:35/저/268,23:35/고/585
목포,2021-06-04,02:27/저/149,09:39/고/370,15:22/저/131,22:19/고/348
여수,2021-06-04,04:53/고/246,11:16/저/119,17:28/고/234,23:20/저/135
속초,2021-06-04,05:05/저/14,12:13/고/29,18:02/저/20,23:13/고/27
부산,2021-06-04,03:53/고/90,10:08/저/42,16:36/고/94,22:17/저/49
포항,2021-06-04,05:50/저/29,13:38/고/39,19:10/저/34,23:56/고/37
통영,2021-06-04,04:31/고/194,10:52/저/95,17:08/고/187,22:51/저/107
태안,2021-06-04,05:22/저/247,11:48/고/567,18:26/저/233,--:--/-/--/--
울산,2021-06-04,02:32/고/43,09:04/저/23,15:51/고/48,21:38/저/27
울릉도,2021-06-04,04:38/저/20,11:37/고/33,17:50/저/25,23:00/고/30
제주도,2021-06-04,00:16/저/129,06:52/고/217,13:24/저/115,19:39/고/199
인천,2021-06-04,05:50/저/284,12:14/고/684,18:53/저/270,--:--/-/--/--
영흥도,2021-06-04,05:41/저/270,12:07/고/635,18:46/저/252,--:--/-/--/--
목포,2021-06-05,03:43/저/153,10:39/고/361,16:18/저/116,23:23/고/370
여수,2021-06-05,05:51/고/245,12:01/저/107,18:22/고/251,--:--/-/--/--
속초,2021-06-05,05:49/저/16,12:28/고/30,18:57/저/18,--:--/-/--/--
부산,2021-06-05,04:59/고/92,11:04/저/38,17:28/고/99,23:19/저/44
포항,2021-06-05,06:33/저/31,13:57/고/38,20:12/저/32,--:--/-/--/--
통영,2021-06-05,05:30/고/195,11:42/저/85,18:02/고/200,23:54/저/102
태안,2021-06-05,00:35/고/544,06:42/저/252,12:55/고/563,19:25/저/207
울산,2021-06-05,04:02/고/43,10:09/저/23,16:36/고/49,22:35/저/23
울릉도,2021-06-05,05:20/저/23,11:50/고/34,18:41/저/23,--:--/-/--/--
제주도,2021-06-05,01:29/저/133,07:33/고/213,14:06/저/106,20:28/고/211
인천,2021-06-05,01:02/고/665,07:10/저/288,13:24/고/683,19:54/저/238
영흥도,2021-06-05,00:54/고/608,07:02/저/269,13:16/고/634,19:46/저/218
목포,2021-06-06,04:46/저/146,11:31/고/357,17:04/저/99,--:--/-/--/--
여수,2021-06-06,00:20/저/127,06:35/고/248,12:39/저/93,19:05/고/268
속초,2021-06-06,00:43/고/27,06:27/저/19,12:46/고/32,19:41/저/16
부산,2021-06-06,05:49/고/94,11:50/저/34,18:11/고/105,--:--/-/--/--
포항,2021-06-06,01:55/고/36,07:07/저/33,14:00/고/38,21:01/저/30
통영,2021-06-06,06:16/고/198,12:23/저/75,18:47/고/214,--:--/-/--/--
태안,2021-06-06,01:39/고/579,07:49/저/237,13:50/고/571,20:12/저/177
울산,2021-06-06,05:05/고/45,11:01/저/22,17:17/고/50,23:22/저/20
울릉도,2021-06-06,00:32/고/30,05:52/저/25,12:05/고/35,19:20/저/22
제주도,2021-06-06,02:30/저/133,08:07/고/210,14:42/저/96,21:06/고/223
인천,2021-06-06,02:07/고/708,08:19/저/266,14:20/고/698,20:43/저/199
영흥도,2021-06-06,01:58/고/651,08:09/저/245,14:12/고/648,20:34/저/178
목포,2021-06-07,00:15/고/394,05:37/저/135,12:15/고/357,17:44/저/82
여수,2021-06-07,01:06/저/118,07:12/고/252,13:13/저/81,19:42/고/285
속초,2021-06-07,01:52/고/27,07:00/저/21,13:06/고/34,20:18/저/14
부산,2021-06-07,00:08/저/38,06:28/고/97,12:29/저/30,18:50/고/109
포항,2021-06-07,03:31/고/37,07:35/저/35,13:51/고/39,21:40/저/29
통영,2021-06-07,00:44/저/94,06:54/고/201,12:59/저/65,19:26/고/226
태안,2021-06-07,02:29/고/617,08:43/저/215,14:35/고/584,20:51/저/149
울산,2021-06-07,05:53/고/47,11:45/저/22,17:55/고/52,--:--/-/--/--
울릉도,2021-06-07,01:48/고/31,06:20/저/28,12:23/고/37,19:53/저/21
제주도,2021-06-07,03:19/저/130,08:39/고/209,15:14/저/87,21:40/고/234
인천,2021-06-07,02:57/고/754,09:12/저/237,15:06/고/718,21:24/저/162
영흥도,2021-06-07,02:49/고/697,09:03/저/214,14:58/고/665,21:14/저/141
목포,2021-06-08,00:59/고/414,06:20/저/124,12:53/고/359,18:20/저/68
여수,2021-06-08,01:45/저/108,07:45/고/257,13:46/저/70,20:18/고/301
속초,2021-06-08,02:47/고/28,07:30/저/23,13:29/고/35,20:52/저/12
부산,2021-06-08,00:49/저/32,07:03/고/100,13:04/저/26,19:26/고/114
포항,2021-06-08,04:55/고/38,07:20/저/37,13:47/고/40,22:15/저/28
통영,2021-06-08,01:26/저/86,07:27/고/205,13:32/저/56,20:02/고/237
태안,2021-06-08,03:10/고/651,09:26/저/194,15:13/고/596,21:26/저/125
울산,2021-06-08,00:02/저/16,06:33/고/50,12:23/저/22,18:32/고/53
울릉도,2021-06-08,02:53/고/32,06:44/저/30,12:43/고/38,20:24/저/20
제주도,2021-06-08,04:01/저/126,09:11/고/209,15:44/저/78,22:12/고/245
인천,2021-06-08,03:38/고/794,09:56/저/210,15:45/고/736,22:00/저/133
영흥도,2021-06-08,03:31/고/736,09:47/저/188,15:38/고/680,21:51/저/112
목포,2021-06-09,01:39/고/430,06:58/저/114,13:29/고/361,18:52/저/56
여수,2021-06-09,02:21/저/100,08:18/고/263,14:18/저/62,20:52/고/313
속초,2021-06-09,03:33/고/29,07:59/저/25,13:56/고/37,21:25/저/12
부산,2021-06-09,01:25/저/27,07:34/고/103,13:37/저/24,20:00/고/118
포항,2021-06-09,13:58/고/42,22:50/저/28,--:--/-/--/--,--:--/-/--/--
통영,2021-06-09,02:03/저/79,08:00/고/208,14:03/저/49,20:37/고/246
태안,2021-06-09,03:46/고/677,10:04/저/177,15:49/고/606,21:59/저/107
울산,2021-06-09,00:39/저/14,07:09/고/52,12:57/저/22,19:08/고/55
울릉도,2021-06-09,03:48/고/33,07:09/저/32,13:06/고/40,20:55/저/19
제주도,2021-06-09,04:37/저/122,09:42/고/209,16:15/저/69,22:42/고/255
인천,2021-06-09,04:15/고/822,10:35/저/190,16:21/고/750,22:34/저/111
영흥도,2021-06-09,04:08/고/762,10:26/저/171,16:15/고/692,22:26/저/93
목포,2021-06-10,02:17/고/442,07:33/저/107,14:03/고/363,19:24/저/46
여수,2021-06-10,02:56/저/94,08:51/고/268,14:51/저/57,21:26/고/322
속초,2021-06-10,04:16/고/30,08:28/저/26,14:25/고/38,21:58/저/11
부산,2021-06-10,02:00/저/23,08:05/고/105,14:09/저/22,20:34/고/121
포항,2021-06-10,14:22/고/44,23:27/저/27,--:--/-/--/--,--:--/-/--/--
통영,2021-06-10,02:38/저/73,08:31/고/211,14:35/저/45,21:11/고/253
태안,2021-06-10,04:20/고/695,10:40/저/167,16:23/고/612,22:32/저/94
울산,2021-06-10,01:14/저/12,07:43/고/54,13:29/저/23,19:43/고/57
울릉도,2021-06-10,04:40/고/34,07:34/저/33,13:32/고/41,21:30/저/19
제주도,2021-06-10,05:11/저/119,10:14/고/210,16:45/저/63,23:14/고/262
인천,2021-06-10,04:49/고/841,11:11/저/177,16:55/고/759,23:07/저/98
영흥도,2021-06-10,04:44/고/777,11:03/저/161,16:50/고/698,23:00/저/85
목포,2021-06-11,02:53/고/449,08:07/저/102,14:38/고/364,19:56/저/39
여수,2021-06-11,03:30/저/91,09:23/고/270,15:24/저/56,22:01/고/327
속초,2021-06-11,04:59/고/30,08:58/저/27,14:56/고/39,22:33/저/11
부산,2021-06-11,02:33/저/21,08:37/고/107,14:41/저/22,21:09/고/123
포항,2021-06-11,14:55/고/45,--:--/-/--/--,--:--/-/--/--,--:--/-/--/--
통영,2021-06-11,03:11/저/70,09:03/고/212,15:07/저/43,21:45/고/256
태안,2021-06-11,04:54/고/706,11:16/저/163,16:57/고/613,23:05/저/87
울산,2021-06-11,01:47/저/11,08:16/고/55,14:01/저/25,20:17/고/58
울릉도,2021-06-11,05:35/고/35,08:00/저/34,14:01/고/42,22:08/저/19
제주도,2021-06-11,05:44/저/117,10:45/고/211,17:18/저/59,23:47/고/267
인천,2021-06-11,05:22/고/852,11:46/저/171,17:30/고/762,23:41/저/92
영흥도,2021-06-11,05:18/고/784,11:39/저/159,17:24/고/698,23:33/저/84
목포,2021-06-12,03:29/고/453,08:41/저/101,15:14/고/363,20:31/저/35
여수,2021-06-12,04:03/저/91,09:57/고/270,15:59/저/58,22:36/고/326
속초,2021-06-12,05:41/고/30,09:30/저/27,15:30/고/40,23:10/저/11
부산,2021-06-12,03:06/저/20,09:11/고/107,15:14/저/23,21:43/고/123
포항,2021-06-12,00:05/저/28,15:31/고/46,--:--/-/--/--,--:--/-/--/--
통영,2021-06-12,03:45/저/70,09:36/고/212,15:40/저/44,22:21/고/256
태안,2021-06-12,05:27/고/712,11:50/저/165,17:30/고/611,23:38/저/86
울산,2021-06-12,02:21/저/11,08:48/고/56,14:32/저/26,20:49/고/58
울릉도,2021-06-12,14:34/고/42,22:51/저/18,--:--/-/--/--,--:--/-/--/--
제주도,2021-06-12,06:19/저/118,11:19/고/211,17:53/저/59,--:--/-/--/--
인천,2021-06-12,05:56/고/857,12:21/저/172,18:04/고/760,--:--/-/--/--
영흥도,2021-06-12,05:51/고/786,12:13/저/163,17:58/고/695,--:--/-/--/--
목포,2021-06-13,04:05/고/453,09:16/저/102,15:52/고/360,21:07/저/35
여수,2021-06-13,04:39/저/95,10:31/고/265,16:34/저/64,23:13/고/321
속초,2021-06-13,06:28/고/30,10:02/저/28,16:04/고/40,23:50/저/11
부산,2021-06-13,03:40/저/22,09:45/고/106,15:49/저/26,22:19/고/121
포항,2021-06-13,00:45/저/28,16:07/고/47,--:--/-/--/--,--:--/-/--/--
통영,2021-06-13,04:19/저/72,10:11/고/209,16:15/저/49,22:57/고/253
태안,2021-06-13,06:00/고/713,12:25/저/171,18:04/고/607,--:--/-/--/--
울산,2021-06-13,02:55/저/12,09:21/고/56,15:06/저/28,21:22/고/58
울릉도,2021-06-13,15:11/고/42,23:34/저/18,--:--/-/--/--,--:--/-/--/--
제주도,2021-06-13,00:23/고/267,06:57/저/121,11:53/고/209,18:32/저/63
인천,2021-06-13,00:15/저/92,06:29/고/857,12:55/저/178,18:38/고/753
영흥도,2021-06-13,00:06/저/89,06:24/고/786,12:47/저/171,18:31/고/688
목포,2021-06-14,04:41/고/449,09:53/저/107,16:31/고/356,21:45/저/41
여수,2021-06-14,05:16/저/102,11:08/고/257,17:12/저/74,23:52/고/311
속초,2021-06-14,07:22/고/30,10:37/저/28,16:42/고/39,--:--/-/--/--
부산,2021-06-14,04:15/저/25,10:22/고/104,16:27/저/31,22:56/고/118
포항,2021-06-14,01:24/저/28,16:45/고/47,--:--/-/--/--,--:--/-/--/--
통영,2021-06-14,04:55/저/78,10:48/고/204,16:54/저/57,23:36/고/246
태안,2021-06-14,00:12/저/90,06:34/고/708,13:00/저/181,18:38/고/599
울산,2021-06-14,03:29/저/13,09:56/고/55,15:43/저/29,21:54/고/56
울릉도,2021-06-14,15:51/고/41,--:--/-/--/--,--:--/-/--/--,--:--/-/--/--
제주도,2021-06-14,01:02/고/264,07:39/저/127,12:32/고/206,19:14/저/71
인천,2021-06-14,00:49/저/98,07:03/고/852,13:30/저/190,19:13/고/742
영흥도,2021-06-14,00:40/저/97,06:57/고/783,13:21/저/183,19:05/고/679
목포,2021-06-15,05:19/고/443,10:33/저/112,17:13/고/352,22:28/저/53
여수,2021-06-15,05:56/저/111,11:48/고/247,17:55/저/87,--:--/-/--/--
속초,2021-06-15,00:33/저/12,08:19/고/30,11:18/저/29,17:22/고/39
부산,2021-06-15,04:54/저/30,11:03/고/100,17:10/저/36,23:37/고/114
포항,2021-06-15,02:03/저/28,17:25/고/47,--:--/-/--/--,--:--/-/--/--
통영,2021-06-15,05:35/저/86,11:29/고/197,17:37/저/67,--:--/-/--/--
태안,2021-06-15,00:48/저/101,07:10/고/697,13:37/저/192,19:16/고/589
울산,2021-06-15,04:06/저/15,10:35/고/54,16:28/저/31,22:29/고/54
울릉도,2021-06-15,00:19/저/18,16:35/고/39,--:--/-/--/--,--:--/-/--/--
제주도,2021-06-15,01:45/고/259,08:26/저/131,13:16/고/201,20:01/저/82
인천,2021-06-15,01:24/저/112,07:38/고/842,14:06/저/205,19:50/고/728
영흥도,2021-06-15,01:14/저/110,07:32/고/777,13:57/저/196,19:42/고/669
목포,2021-06-16,06:00/고/433,11:17/저/118,18:00/고/348,23:15/저/71
여수,2021-06-16,00:35/고/299,06:42/저/119,12:37/고/237,18:44/저/100
속초,2021-06-16,01:20/저/13,09:14/고/30,12:17/저/29,18:09/고/37
부산,2021-06-16,05:37/저/35,11:52/고/97,18:01/저/41,--:--/-/--/--
포항,2021-06-16,02:43/저/28,18:09/고/46,--:--/-/--/--,--:--/-/--/--
통영,2021-06-16,00:18/고/237,06:20/저/93,12:19/고/190,18:27/저/78
태안,2021-06-16,01:27/저/121,07:49/고/681,14:18/저/202,20:00/고/577
울산,2021-06-16,04:48/저/17,11:21/고/52,17:21/저/32,23:12/고/52
울릉도,2021-06-16,01:04/저/17,17:26/고/37,--:--/-/--/--,--:--/-/--/--
제주도,2021-06-16,02:32/고/251,09:18/저/133,14:11/고/196,20:53/저/94
인천,2021-06-16,02:03/저/134,08:17/고/824,14:46/저/221,20:32/고/711
영흥도,2021-06-16,01:52/저/129,08:10/고/765,14:37/저/209,20:24/고/656
목포,2021-06-17,06:44/고/421,12:07/저/122,18:53/고/348,--:--/-/--/--
여수,2021-06-17,01:24/고/286,07:36/저/124,13:40/고/231,19:46/저/113
속초,2021-06-17,02:09/저/14,09:56/고/30,13:43/저/28,19:06/고/35
부산,2021-06-17,00:23/고/109,06:29/저/39,12:57/고/94,19:03/저/45
포항,2021-06-17,03:26/저/29,19:01/고/44,--:--/-/--/--,--:--/-/--/--
통영,2021-06-17,01:06/고/227,07:14/저/98,13:24/고/186,19:28/저/88
태안,2021-06-17,02:12/저/148,08:34/고/658,15:05/저/210,20:55/고/564
울산,2021-06-17,05:36/저/19,12:24/고/51,18:28/저/33,--:--/-/--/--
울릉도,2021-06-17,01:48/저/17,10:11/고/32,13:18/저/31,18:27/고/35
제주도,2021-06-17,03:24/고/244,10:16/저/131,15:22/고/193,21:54/저/105
인천,2021-06-17,02:46/저/164,09:02/고/799,15:33/저/235,21:24/고/694
영흥도,2021-06-17,02:36/저/155,08:56/고/745,15:23/저/221,21:17/고/645
목포,2021-06-18,00:10/저/94,07:33/고/409,13:04/저/121,19:56/고/353
여수,2021-06-18,02:21/고/275,08:41/저/123,14:59/고/233,21:00/저/121
속초,2021-06-18,03:01/저/15,10:25/고/31,15:18/저/27,20:20/고/33
부산,2021-06-18,01:21/고/105,07:31/저/40,14:19/고/94,20:14/저/46
포항,2021-06-18,04:12/저/30,11:37/고/41,15:43/저/40,20:12/고/42
통영,2021-06-18,02:03/고/220,08:18/저/98,14:45/고/188,20:40/저/94
태안,2021-06-18,03:07/저/180,09:28/고/633,16:03/저/211,22:04/고/560
울산,2021-06-18,00:12/고/49,06:35/저/21,13:42/고/50,19:44/저/32
울릉도,2021-06-18,02:35/저/18,10:09/고/32,14:54/저/29,19:43/고/33
제주도,2021-06-18,04:21/고/238,11:15/저/123,16:51/고/197,23:03/저/114
인천,2021-06-18,03:38/저/201,09:56/고/768,16:29/저/242,22:31/고/686
영흥도,2021-06-18,03:29/저/187,09:50/고/720,16:20/저/224,22:23/고/641
목포,2021-06-19,01:16/저/116,08:30/고/397,14:10/저/112,21:08/고/368
여수,2021-06-19,03:28/고/268,09:50/저/113,16:23/고/246,22:20/저/121
속초,2021-06-19,03:55/저/17,10:49/고/33,16:40/저/24,21:53/고/32
부산,2021-06-19,02:31/고/102,08:41/저/39,15:39/고/99,21:30/저/43
포항,2021-06-19,05:01/저/31,11:58/고/41,17:15/저/38,22:08/고/40
통영,2021-06-19,03:08/고/215,09:27/저/90,16:07/고/198,21:58/저/94
태안,2021-06-19,04:15/저/208,10:33/고/613,17:10/저/199,23:22/고/575
울산,2021-06-19,01:34/고/48,07:44/저/22,14:55/고/51,20:57/저/29
울릉도,2021-06-19,03:24/저/20,10:22/고/32,16:17/저/26,21:21/고/31
제주도,2021-06-19,05:20/고/234,12:11/저/110,18:15/고/210,--:--/-/--/--
인천,2021-06-19,04:44/저/235,11:02/고/742,17:37/저/232,23:49/고/701
영흥도,2021-06-19,04:35/저/217,10:54/고/698,17:26/저/212,23:40/고/658
목포,2021-06-20,02:37/저/129,09:32/고/389,15:18/저/91,22:22/고/394
여수,2021-06-20,04:37/고/268,10:54/저/97,17:35/고/268,23:35/저/112
속초,2021-06-20,04:48/저/19,11:15/고/34,17:48/저/21,23:38/고/31
부산,2021-06-20,03:45/고/103,09:51/저/34,16:48/고/106,22:41/저/37
포항,2021-06-20,05:50/저/34,12:12/고/41,18:20/저/35,--:--/-/--/--
통영,2021-06-20,04:17/고/215,10:33/저/77,17:19/고/215,23:13/저/87
태안,2021-06-20,05:35/저/220,11:45/고/604,18:19/저/170,--:--/-/--/--
울산,2021-06-20,03:02/고/49,08:57/저/23,15:56/고/53,22:03/저/24
울릉도,2021-06-20,04:16/저/22,10:44/고/34,17:24/저/22,23:25/고/31
제주도,2021-06-20,00:18/저/118,06:17/고/231,13:05/저/93,19:24/고/229
인천,2021-06-20,06:03/저/251,12:17/고/733,18:49/저/201,--:--/-/--/--
영흥도,2021-06-20,05:52/저/231,12:05/고/688,18:36/저/181,--:--/-/--/--
목포,2021-06-21,03:58/저/124,10:37/고/385,16:21/저/63,23:31/고/427
여수,2021-06-21,05:42/고/273,11:51/저/77,18:37/고/295,--:--/-/--/--
속초,2021-06-21,05:40/저/22,11:47/고/37,18:46/저/17,--:--/-/--/--
부산,2021-06-21,04:53/고/106,10:54/저/27,17:48/고/114,23:45/저/29
포항,2021-06-21,01:18/고/40,06:39/저/37,12:27/고/42,19:20/저/32
통영,2021-06-21,05:22/고/219,11:32/저/60,18:21/고/236,--:--/-/--/--
태안,2021-06-21,00:38/고/612,06:55/저/210,12:55/고/609,19:22/저/131
울산,2021-06-21,04:19/고/52,10:05/저/23,16:51/고/54,23:00/저/20
울릉도,2021-06-21,05:09/저/26,11:12/고/36,18:22/저/19,--:--/-/--/--
제주도,2021-06-21,01:33/저/117,07:12/고/230,13:56/저/74,20:24/고/251
인천,2021-06-21,01:08/고/744,07:26/저/240,13:30/고/743,19:56/저/153
영흥도,2021-06-21,00:56/고/698,07:13/저/223,13:15/고/693,19:41/저/136
목포,2021-06-22,05:06/저/109,11:39/고/386,17:17/저/33,--:--/-/--/--
여수,2021-06-22,00:40/저/100,06:41/고/281,12:44/저/58,19:33/고/321
속초,2021-06-22,01:12/고/32,06:28/저/24,12:23/고/39,19:41/저/13
부산,2021-06-22,05:54/고/111,11:52/저/20,18:44/고/121,--:--/-/--/--
포항,2021-06-22,03:32/고/42,07:30/저/40,12:49/고/44,20:17/저/30
통영,2021-06-22,00:19/저/76,06:21/고/224,12:27/저/43,19:18/고/255
태안,2021-06-22,01:45/고/661,08:07/저/185,13:58/고/622,20:20/저/91
울산,2021-06-22,05:25/고/56,11:05/저/23,17:44/고/56,23:54/저/15
울릉도,2021-06-22,01:17/고/32,05:58/저/29,11:46/고/39,19:16/저/17
제주도,2021-06-22,02:40/저/112,08:04/고/230,14:46/저/54,21:17/고/272
인천,2021-06-22,02:15/고/802,08:40/저/208,14:34/고/763,20:56/저/102
영흥도,2021-06-22,02:04/고/750,08:25/저/198,14:19/고/707,20:40/저/90
목포,2021-06-23,00:35/고/460,06:05/저/91,12:37/고/388,18:09/저/7
여수,2021-06-23,01:37/저/86,07:34/고/289,13:35/저/41,20:25/고/343
속초,2021-06-23,02:29/고/33,07:15/저/27,13:04/고/42,20:34/저/10
부산,2021-06-23,00:42/저/20,06:50/고/115,12:46/저/15,19:37/고/128
포항,2021-06-23,05:04/고/44,07:45/저/43,13:21/고/47,21:15/저/28
통영,2021-06-23,01:19/저/64,07:15/고/230,13:18/저/28,20:11/고/272
태안,2021-06-23,02:44/고/708,09:10/저/157,14:55/고/636,21:13/저/58
울산,2021-06-23,06:25/고/60,12:01/저/23,18:34/고/59,--:--/-/--/--
울릉도,2021-06-23,02:44/고/34,06:42/저/32,12:23/고/41,20:08/저/15
제주도,2021-06-23,03:41/저/104,08:54/고/232,15:35/저/37,22:08/고/290
인천,2021-06-23,03:15/고/858,09:43/저/173,15:32/고/783,21:50/저/61
영흥도,2021-06-23,03:04/고/798,09:29/저/170,15:17/고/722,21:35/저/53
목포,2021-06-24,01:33/고/488,06:57/저/76,13:32/고/391,18:58/저/-11
여수,2021-06-24,02:29/저/76,08:25/고/296,14:25/저/30,21:15/고/359
속초,2021-06-24,03:36/고/34,08:01/저/29,13:49/고/44,21:27/저/8
부산,2021-06-24,01:35/저/14,07:43/고/118,13:38/저/11,20:27/고/132
포항,2021-06-24,14:01/고/50,22:14/저/27,--:--/-/--/--,--:--/-/--/--
통영,2021-06-24,02:12/저/55,08:07/고/234,14:08/저/19,21:02/고/283
태안,2021-06-24,03:39/고/745,10:07/저/136,15:49/고/645,22:04/저/36
울산,2021-06-24,00:44/저/11,07:20/고/63,12:53/저/24,19:23/고/61
울릉도,2021-06-24,03:57/고/36,07:18/저/34,13:05/고/44,21:01/저/14
제주도,2021-06-24,04:35/저/99,09:43/고/233,16:24/저/25,22:58/고/301
인천,2021-06-24,04:09/고/900,10:39/저/145,16:25/고/797,22:41/저/35
영흥도,2021-06-24,03:59/고/834,10:25/저/148,16:10/고/733,22:26/저/30
목포,2021-06-25,02:28/고/508,07:46/저/68,14:24/고/393,19:45/저/-19
여수,2021-06-25,03:19/저/69,09:14/고/300,15:13/저/25,22:02/고/365
속초,2021-06-25,04:37/고/34,08:45/저/30,14:36/고/46,22:20/저/8
부산,2021-06-25,02:24/저/10,08:33/고/120,14:27/저/11,21:15/고/134
포항,2021-06-25,14:46/고/52,23:15/저/27,--:--/-/--/--,--:--/-/--/--
통영,2021-06-25,03:02/저/50,08:56/고/235,14:56/저/16,21:50/고/287
태안,2021-06-25,04:30/고/768,10:59/저/124,16:39/고/649,22:52/저/26
울산,2021-06-25,01:33/저/9,08:12/고/65,13:42/저/25,20:09/고/62
울릉도,2021-06-25,13:50/고/46,21:54/저/14,--:--/-/--/--,--:--/-/--/--
제주도,2021-06-25,05:26/저/96,10:30/고/234,17:12/저/21,23:46/고/305
인천,2021-06-25,05:01/고/924,11:31/저/130,17:15/고/805,23:30/저/23
영흥도,2021-06-25,04:50/고/854,11:18/저/134,17:01/고/737,23:16/저/22
목포,2021-06-26,03:21/고/517,08:33/저/67,15:15/고/393,20:31/저/-16
여수,2021-06-26,04:06/저/69,10:01/고/298,16:00/저/28,22:48/고/362
속초,2021-06-26,05:36/고/34,09:30/저/30,15:25/고/46,23:12/저/8
부산,2021-06-26,03:10/저/9,09:22/고/119,15:14/저/13,21:59/고/133
포항,2021-06-26,15:34/고/53,--:--/-/--/--,--:--/-/--/--,--:--/-/--/--
통영,2021-06-26,03:49/저/50,09:43/고/233,15:42/저/19,22:36/고/283
태안,2021-06-26,05:20/고/777,11:49/저/121,17:28/고/650,23:40/저/28
울산,2021-06-26,02:19/저/8,09:01/고/65,14:29/저/27,20:51/고/63
울릉도,2021-06-26,14:37/고/47,22:47/저/15,--:--/-/--/--,--:--/-/--/--
제주도,2021-06-26,06:15/저/98,11:18/고/233,17:59/저/26,--:--/-/--/--
인천,2021-06-26,05:50/고/933,12:20/저/125,18:03/고/806,--:--/-/--/--
영흥도,2021-06-26,05:39/고/860,12:07/저/130,17:50/고/735,--:--/-/--/--
목포,2021-06-27,04:10/고/516,09:19/저/72,16:03/고/392,21:16/저/-2
여수,2021-06-27,04:52/저/75,10:47/고/291,16:45/저/39,23:33/고/349
속초,2021-06-27,06:35/고/33,10:14/저/31,16:14/고/46,--:--/-/--/--
부산,2021-06-27,03:55/저/12,10:08/고/117,15:59/저/18,22:40/고/129
포항,2021-06-27,00:16/저/27,16:25/고/53,--:--/-/--/--,--:--/-/--/--
통영,2021-06-27,04:35/저/56,10:29/고/228,16:27/저/29,23:19/고/273
태안,2021-06-27,06:07/고/774,12:35/저/126,18:15/고/646,--:--/-/--/--
울산,2021-06-27,03:04/저/9,09:48/고/64,15:13/저/29,21:29/고/62
울릉도,2021-06-27,15:27/고/47,23:40/저/16,--:--/-/--/--,--:--/-/--/--
제주도,2021-06-27,00:34/고/301,07:04/저/104,12:04/고/228,18:47/저/39
인천,2021-06-27,00:17/저/25,06:37/고/928,13:06/저/131,18:49/고/801
영흥도,2021-06-27,00:03/저/28,06:26/고/853,12:54/저/134,18:36/고/727
목포,2021-06-28,04:57/고/505,10:04/저/82,16:51/고/389,22:02/저/22
여수,2021-06-28,05:38/저/86,11:33/고/279,17:29/저/57,--:--/-/--/--
속초,2021-06-28,00:03/저/9,07:31/고/33,11:03/저/30,17:03/고/44
부산,2021-06-28,04:38/저/18,10:53/고/113,16:42/저/26,23:19/고/123
포항,2021-06-28,01:13/저/28,17:18/고/53,--:--/-/--/--,--:--/-/--/--
통영,2021-06-28,05:18/저/65,11:14/고/220,17:11/저/45,--:--/-/--/--
태안,2021-06-28,00:25/저/42,06:52/고/759,13:19/저/138,18:59/고/637
울산,2021-06-28,03:47/저/11,10:33/고/62,15:57/저/30,22:04/고/61
울릉도,2021-06-28,16:19/고/45,--:--/-/--/--,--:--/-/--/--,--:--/-/--/--
제주도,2021-06-28,01:22/고/289,07:53/저/112,12:52/고/221,19:35/저/59
인천,2021-06-28,01:02/저/40,07:21/고/911,13:49/저/145,19:33/고/789
영흥도,2021-06-28,00:48/저/47,07:10/고/835,13:38/저/146,19:21/고/713
목포,2021-06-29,05:41/고/485,10:49/저/95,17:38/고/383,22:47/저/54
여수,2021-06-29,00:16/고/329,06:23/저/99,12:19/고/264,18:13/저/80
속초,2021-06-29,00:53/저/11,08:23/고/32,11:58/저/30,17:53/고/42
부산,2021-06-29,05:21/저/26,11:38/고/108,17:25/저/34,23:56/고/116
포항,2021-06-29,02:05/저/29,18:14/고/51,--:--/-/--/--,--:--/-/--/--
통영,2021-06-29,00:00/고/258,06:02/저/77,11:59/고/211,17:53/저/64
태안,2021-06-29,01:09/저/67,07:34/고/734,14:01/저/155,19:44/고/623
울산,2021-06-29,04:29/저/14,11:17/고/59,16:40/저/32,22:36/고/58
울릉도,2021-06-29,00:32/저/17,17:13/고/43,--:--/-/--/--,--:--/-/--/--
제주도,2021-06-29,02:10/고/274,08:44/저/121,13:44/고/212,20:23/저/83
인천,2021-06-29,01:45/저/70,08:02/고/882,14:30/저/167,20:16/고/770
영흥도,2021-06-29,01:31/저/78,07:52/고/807,14:20/저/166,20:04/고/692
목포,2021-06-30,06:24/고/458,11:35/저/109,18:27/고/375,23:35/저/92
여수,2021-06-30,00:59/고/304,07:10/저/113,13:08/고/248,18:58/저/104
속초,2021-06-30,01:41/저/14,09:08/고/32,13:07/저/30,18:45/고/39
부산,2021-06-30,06:05/저/34,12:25/고/103,18:10/저/43,--:--/-/--/--
포항,2021-06-30,02:53/저/30,19:16/고/48,--:--/-/--/--,--:--/-/--/--
통영,2021-06-30,00:39/고/241,06:47/저/89,12:48/고/201,18:38/저/84
태안,2021-06-30,01:52/저/104,08:14/고/699,14:42/저/176,20:30/고/603
울산,2021-06-30,05:11/저/18,12:01/고/56,17:26/저/33,23:12/고/54
울릉도,2021-06-30,01:21/저/19,18:10/고/39,--:--/-/--/--,--:--/-/--/--
제주도,2021-06-30,02:58/고/257,09:37/저/127,14:44/고/203,21:15/저/108
인천,2021-06-30,02:26/저/113,08:42/고/843,15:10/저/195,21:00/고/743
영흥도,2021-06-30,02:13/저/119,08:32/고/771,15:01/저/191,20:49/고/667
목포,2021-07-01,07:06/고/428,12:24/저/122,19:20/고/366,--:--/-/--/--
여수,2021-07-01,01:42/고/279,08:01/저/125,14:04/고/235,19:48/저/128
속초,2021-07-01,02:27/저/17,09:46/고/33,14:33/저/29,19:44/고/36
부산,2021-07-01,00:33/고/108,06:54/저/42,13:18/고/99,18:59/저/51
포항,2021-07-01,03:37/저/32,11:13/고/43,15:59/저/41,20:29/고/45
통영,2021-07-01,01:19/고/223,07:37/저/99,13:43/고/193,19:28/저/103
태안,2021-07-01,02:35/저/151,08:55/고/658,15:25/저/198,21:20/고/580
울산,2021-07-01,05:55/저/22,12:49/고/53,18:18/저/33,23:57/고/50
울릉도,2021-07-01,02:08/저/21,09:55/고/34,14:28/저/32,19:17/고/36
제주도,2021-07-01,03:48/고/240,10:32/저/130,16:01/고/197,22:12/저/131
인천,2021-07-01,03:09/저/167,09:22/고/795,15:52/저/225,21:49/고/712
영흥도,2021-07-01,02:56/저/168,09:13/고/727,15:44/저/218,21:40/고/641
목포,2021-07-02,00:27/저/131,07:49/고/398,13:18/저/133,20:18/고/361
여수,2021-07-02,02:29/고/256,08:58/저/131,15:10/고/229,20:51/저/146
속초,2021-07-02,03:11/저/20,10:16/고/34,16:06/저/28,21:02/고/33
부산,2021-07-02,01:16/고/100,07:49/저/48,14:22/고/97,19:59/저/57
포항,2021-07-02,04:17/저/33,11:38/고/42,17:15/저/39,21:58/고/41
통영,2021-07-02,02:03/고/208,08:34/저/106,14:50/고/189,20:28/저/118
태안,2021-07-02,03:24/저/203,09:39/고/614,16:13/저/218,22:19/고/560
울산,2021-07-02,06:47/저/25,13:41/고/50,19:20/저/32,--:--/-/--/--
울릉도,2021-07-02,02:51/저/23,10:07/고/35,16:11/저/29,20:48/고/32
제주도,2021-07-02,04:38/고/227,11:29/저/129,17:38/고/198,23:19/저/148
인천,2021-07-02,03:55/저/229,10:06/고/743,16:40/저/253,22:47/고/684
영흥도,2021-07-02,03:44/저/222,09:59/고/680,16:34/저/240,22:39/고/621
목포,2021-07-03,01:31/저/165,08:36/고/371,14:20/저/137,21:22/고/361
여수,2021-07-03,03:26/고/238,10:01/저/130,16:25/고/231,22:11/저/155
속초,2021-07-03,03:54/저/23,10:44/고/35,17:29/저/26,22:53/고/31
부산,2021-07-03,02:17/고/94,08:55/저/52,15:31/고/97,21:12/저/60
포항,2021-07-03,04:53/저/35,11:56/고/42,18:26/저/36,23:56/고/39
통영,2021-07-03,02:58/고/196,09:39/저/107,16:06/고/191,21:44/저/127
태안,2021-07-03,04:21/저/252,10:31/고/574,17:10/저/231,23:30/고/553
울산,2021-07-03,01:07/고/46,07:51/저/28,14:37/고/49,20:32/저/30
울릉도,2021-07-03,03:27/저/26,10:23/고/36,17:26/저/27,23:03/고/31
제주도,2021-07-03,05:30/고/216,12:22/저/124,19:02/고/205,--:--/-/--/--
인천,2021-07-03,04:50/저/287,11:00/고/694,17:37/저/271,23:57/고/673
영흥도,2021-07-03,04:43/저/271,10:55/고/637,17:33/저/251,23:51/고/617
목포,2021-07-04,02:50/저/185,09:27/고/351,15:22/저/134,22:28/고/370
여수,2021-07-04,04:32/고/229,10:59/저/124,17:35/고/242,23:33/저/154
속초,2021-07-04,04:36/저/26,11:12/고/37,18:32/저/23,--:--/-/--/--
부산,2021-07-04,03:38/고/92,10:04/저/52,16:36/고/100,22:31/저/58
포항,2021-07-04,05:23/저/36,12:01/고/41,19:30/저/33,--:--/-/--/--
통영,2021-07-04,04:06/고/189,10:41/저/103,17:16/고/198,23:08/저/127
태안,2021-07-04,05:33/저/285,11:36/고/545,18:13/저/229,--:--/-/--/--
울산,2021-07-04,02:48/고/44,09:06/저/29,15:32/고/48,21:43/저/27
울릉도,2021-07-04,03:56/저/28,10:40/고/37,18:21/저/24,--:--/-/--/--
제주도,2021-07-04,00:38/저/158,06:22/고/208,13:11/저/118,20:03/고/214
인천,2021-07-04,06:01/저/328,12:06/고/661,18:43/저/269,--:--/-/--/--
영흥도,2021-07-04,05:57/저/302,12:04/고/609,18:39/저/243,--:--/-/--/--
목포,2021-07-05,04:09/저/188,10:22/고/338,16:17/저/125,23:31/고/385
여수,2021-07-05,05:36/고/228,11:50/저/114,18:30/고/258,--:--/-/--/--
속초,2021-07-05,00:58/고/31,05:16/저/29,11:40/고/39,19:19/저/21
부산,2021-07-05,04:51/고/92,11:05/저/49,17:31/고/104,23:36/저/53
포항,2021-07-05,11:58/고/41,20:21/저/31,--:--/-/--/--,--:--/-/--/--
통영,2021-07-05,05:13/고/187,11:35/저/95,18:13/고/209,--:--/-/--/--
태안,2021-07-05,00:43/고/566,06:54/저/293,12:46/고/535,19:14/저/212
울산,2021-07-05,04:17/고/45,10:16/저/30,16:24/고/49,22:44/저/24
울릉도,2021-07-05,10:59/고/38,19:03/저/23,--:--/-/--/--,--:--/-/--/--
제주도,2021-07-05,01:56/저/160,07:11/고/203,13:54/저/110,20:49/고/225
인천,2021-07-05,01:10/고/687,07:22/저/336,13:17/고/652,19:46/저/247
영흥도,2021-07-05,01:05/고/637,07:19/저/303,13:15/고/603,19:41/저/219
목포,2021-07-06,05:12/저/178,11:17/고/335,17:05/저/112,--:--/-/--/--
여수,2021-07-06,00:37/저/146,06:28/고/233,12:35/저/102,19:16/고/275
속초,2021-07-06,02:19/고/33,05:56/저/31,12:12/고/40,19:58/저/20
부산,2021-07-06,05:46/고/95,11:55/저/46,18:19/고/109,--:--/-/--/--
포항,2021-07-06,12:00/고/42,21:03/저/30,--:--/-/--/--,--:--/-/--/--
통영,2021-07-06,00:16/저/120,06:08/고/190,12:21/저/86,19:00/고/222
태안,2021-07-06,01:47/고/595,08:03/저/276,13:47/고/543,20:06/저/186
울산,2021-07-06,05:21/고/47,11:12/저/29,17:13/고/50,23:35/저/20
울릉도,2021-07-06,11:22/고/39,19:38/저/22,--:--/-/--/--,--:--/-/--/--
제주도,2021-07-06,02:59/저/156,07:56/고/201,14:34/저/102,21:26/고/236
인천,2021-07-06,02:13/고/720,08:32/저/315,14:19/고/665,20:38/저/215
영흥도,2021-07-06,02:09/고/671,08:27/저/281,14:16/고/616,20:33/저/186
목포,2021-07-07,00:26/고/404,06:02/저/164,12:07/고/338,17:47/저/97
여수,2021-07-07,01:26/저/135,07:12/고/241,13:16/저/91,19:57/고/292
속초,2021-07-07,03:10/고/34,06:35/저/32,12:45/고/42,20:33/저/19
부산,2021-07-07,00:26/저/46,06:31/고/98,12:38/저/41,19:02/고/114
포항,2021-07-07,12:24/고/43,21:44/저/29,--:--/-/--/--,--:--/-/--/--
통영,2021-07-07,01:07/저/110,06:53/고/195,13:02/저/76,19:42/고/234
태안,2021-07-07,02:38/고/629,08:57/저/250,14:38/고/560,20:50/저/158
울산,2021-07-07,06:08/고/49,11:58/저/29,17:58/고/52,--:--/-/--/--
울릉도,2021-07-07,11:49/고/41,20:10/저/21,--:--/-/--/--,--:--/-/--/--
제주도,2021-07-07,03:48/저/149,08:39/고/201,15:12/저/92,22:00/고/247
인천,2021-07-07,03:04/고/759,09:26/저/282,15:10/고/689,21:23/저/180
영흥도,2021-07-07,03:01/고/707,09:21/저/251,15:07/고/637,21:19/저/155
목포,2021-07-08,01:13/고/422,06:44/저/148,12:53/고/346,18:26/저/81
여수,2021-07-08,02:06/저/123,07:52/고/251,13:56/저/80,20:35/고/307
속초,2021-07-08,03:46/고/35,07:14/저/33,13:22/고/44,21:07/저/18
부산,2021-07-08,01:07/저/39,07:10/고/102,13:17/저/36,19:41/고/119
포항,2021-07-08,13:08/고/44,22:24/저/29,--:--/-/--/--,--:--/-/--/--
통영,2021-07-08,01:49/저/99,07:33/고/201,13:40/저/67,20:21/고/245
태안,2021-07-08,03:20/고/661,09:42/저/223,15:22/고/580,21:30/저/132
울산,2021-07-08,00:17/저/17,06:49/고/51,12:37/저/28,18:41/고/55
울릉도,2021-07-08,12:23/고/42,20:44/저/21,--:--/-/--/--,--:--/-/--/--
제주도,2021-07-08,04:27/저/142,09:18/고/204,15:49/저/82,22:32/고/258
인천,2021-07-08,03:47/고/796,10:11/저/248,15:54/고/715,22:04/저/149
영흥도,2021-07-08,03:45/고/738,10:06/저/224,15:51/고/659,22:00/저/129
목포,2021-07-09,01:55/고/439,07:22/저/133,13:37/고/355,19:04/저/65
여수,2021-07-09,02:43/저/113,08:30/고/261,14:34/저/71,21:12/고/320
속초,2021-07-09,04:17/고/36,07:52/저/34,13:59/고/45,21:42/저/17
부산,2021-07-09,01:44/저/34,07:48/고/106,13:53/저/32,20:20/고/123
포항,2021-07-09,13:57/고/46,23:07/저/29,--:--/-/--/--,--:--/-/--/--
통영,2021-07-09,02:26/저/90,08:11/고/208,14:17/저/58,20:58/고/255
태안,2021-07-09,03:59/고/688,10:22/저/200,16:02/고/598,22:09/저/109
울산,2021-07-09,00:56/저/15,07:26/고/54,13:12/저/28,19:22/고/57
울릉도,2021-07-09,13:00/고/43,21:20/저/20,--:--/-/--/--,--:--/-/--/--
제주도,2021-07-09,05:01/저/135,09:55/고/209,16:26/저/73,23:04/고/267
인천,2021-07-09,04:26/고/826,10:52/저/220,16:34/고/739,22:44/저/122
영흥도,2021-07-09,04:24/고/761,10:46/저/202,16:31/고/679,22:39/저/110
목포,2021-07-10,02:36/고/452,07:56/저/121,14:18/고/364,19:41/저/50
여수,2021-07-10,03:18/저/105,09:07/고/269,15:11/저/63,21:48/고/330
속초,2021-07-10,04:46/고/36,08:31/저/34,14:37/고/46,22:17/저/17
부산,2021-07-10,02:18/저/29,08:25/고/110,14:28/저/29,20:57/고/127
포항,2021-07-10,14:42/고/47,23:50/저/29,--:--/-/--/--,--:--/-/--/--
통영,2021-07-10,03:00/저/82,08:48/고/214,14:53/저/51,21:34/고/262
태안,2021-07-10,04:36/고/709,11:00/저/182,16:39/고/613,22:47/저/91
울산,2021-07-10,01:32/저/14,08:02/고/56,13:45/저/28,20:00/고/59
울릉도,2021-07-10,13:41/고/43,21:59/저/19,--:--/-/--/--,--:--/-/--/--
제주도,2021-07-10,05:34/저/130,10:31/고/215,17:04/저/66,23:37/고/274
인천,2021-07-10,05:03/고/851,11:30/저/198,17:12/고/758,23:23/저/101
영흥도,2021-07-10,05:00/고/778,11:24/저/186,17:08/고/694,23:17/저/96
목포,2021-07-11,03:14/고/462,08:30/저/111,15:00/고/372,20:19/저/37
여수,2021-07-11,03:51/저/98,09:44/고/274,15:47/저/59,22:24/고/335
속초,2021-07-11,05:17/고/36,09:11/저/33,15:15/고/47,22:54/저/17
부산,2021-07-11,02:52/저/26,09:02/고/113,15:03/저/27,21:33/고/130
포항,2021-07-11,15:24/고/48,--:--/-/--/--,--:--/-/--/--,--:--/-/--/--
통영,2021-07-11,03:34/저/77,09:26/고/219,15:30/저/47,22:10/고/267
태안,2021-07-11,05:12/고/724,11:37/저/170,17:16/고/624,23:25/저/80
울산,2021-07-11,02:06/저/13,08:37/고/57,14:18/저/28,20:36/고/61
울릉도,2021-07-11,14:22/고/43,22:38/저/18,--:--/-/--/--,--:--/-/--/--
제주도,2021-07-11,06:08/저/127,11:06/고/220,17:42/저/62,--:--/-/--/--
인천,2021-07-11,05:40/고/869,12:07/저/181,17:50/고/773,--:--/-/--/--
영흥도,2021-07-11,05:35/고/792,12:00/저/173,17:44/고/705,23:53/저/86
목포,2021-07-12,03:52/고/468,09:04/저/102,15:41/고/379,20:58/저/29
여수,2021-07-12,04:26/저/95,10:22/고/276,16:25/저/58,23:01/고/336
속초,2021-07-12,05:50/고/36,09:52/저/33,15:53/고/47,23:32/저/16
부산,2021-07-12,03:26/저/25,09:39/고/114,15:39/저/27,22:09/고/131
포항,2021-07-12,00:32/저/29,16:04/고/49,--:--/-/--/--,--:--/-/--/--
통영,2021-07-12,04:07/저/75,10:04/고/222,16:07/저/47,22:46/고/268
태안,2021-07-12,05:47/고/732,12:13/저/161,17:53/고/631,--:--/-/--/--
울산,2021-07-12,02:40/저/13,09:13/고/58,14:53/저/28,21:11/고/61
울릉도,2021-07-12,15:05/고/43,23:17/저/17,--:--/-/--/--,--:--/-/--/--
제주도,2021-07-12,00:11/고/278,06:43/저/125,11:43/고/224,18:22/저/62
인천,2021-07-12,00:01/저/87,06:16/고/882,12:44/저/170,18:26/고/783
영흥도,2021-07-12,06:10/고/804,12:35/저/163,18:20/고/714,--:--/-/--/--
목포,2021-07-13,04:29/고/470,09:40/저/95,16:23/고/383,21:38/저/28
여수,2021-07-13,05:01/저/94,11:01/고/275,17:03/저/63,23:38/고/331
속초,2021-07-13,06:26/고/36,10:36/저/33,16:33/고/46,--:--/-/--/--
부산,2021-07-13,04:02/저/25,10:18/고/114,16:17/저/29,22:45/고/129
포항,2021-07-13,01:13/저/29,16:44/고/49,--:--/-/--/--,--:--/-/--/--
통영,2021-07-13,04:42/저/75,10:43/고/222,16:45/저/51,23:22/고/264
태안,2021-07-13,00:03/저/75,06:22/고/736,12:48/저/155,18:29/고/636
울산,2021-07-13,03:14/저/13,09:49/고/58,15:31/저/28,21:45/고/61
울릉도,2021-07-13,15:49/고/41,23:56/저/17,--:--/-/--/--,--:--/-/--/--
제주도,2021-07-13,00:46/고/278,07:21/저/124,12:23/고/225,19:04/저/68
인천,2021-07-13,00:40/저/79,06:51/고/888,13:19/저/163,19:03/고/787
영흥도,2021-07-13,00:30/저/81,06:44/고/813,13:10/저/157,18:55/고/719
목포,2021-07-14,05:07/고/466,10:17/저/90,17:07/고/386,22:19/저/37
여수,2021-07-14,05:39/저/96,11:42/고/272,17:44/저/73,--:--/-/--/--
속초,2021-07-14,00:11/저/17,07:03/고/36,11:26/저/32,17:16/고/45
부산,2021-07-14,04:38/저/27,10:58/고/113,16:58/저/32,23:21/고/126
포항,2021-07-14,01:52/저/29,17:27/고/48,--:--/-/--/--,--:--/-/--/--
통영,2021-07-14,05:18/저/77,11:25/고/220,17:26/저/59,--:--/-/--/--
태안,2021-07-14,00:41/저/79,06:57/고/732,13:24/저/152,19:07/고/636
울산,2021-07-14,03:50/저/14,10:27/고/58,16:12/저/29,22:21/고/59
울릉도,2021-07-14,16:38/고/39,--:--/-/--/--,--:--/-/--/--,--:--/-/--/--
제주도,2021-07-14,01:23/고/275,08:02/저/123,13:07/고/224,19:49/저/78
인천,2021-07-14,01:18/저/82,07:27/고/886,13:55/저/160,19:40/고/786
영흥도,2021-07-14,01:07/저/83,07:19/고/816,13:45/저/154,19:32/고/721
목포,2021-07-15,05:45/고/458,10:57/저/87,17:53/고/389,23:03/저/55
여수,2021-07-15,00:17/고/321,06:19/저/99,12:27/고/266,18:29/저/87
속초,2021-07-15,00:51/저/18,07:39/고/36,12:22/저/31,18:04/고/43
부산,2021-07-15,05:18/저/30,11:42/고/111,17:42/저/37,--:--/-/--/--
포항,2021-07-15,02:31/저/30,09:50/고/43,12:15/저/42,18:15/고/46
통영,2021-07-15,00:00/고/257,05:59/저/80,12:10/고/216,18:10/저/71
태안,2021-07-15,01:20/저/93,07:34/고/720,14:01/저/152,19:49/고/633
울산,2021-07-15,04:29/저/16,11:07/고/57,16:57/저/30,23:02/고/57
울릉도,2021-07-15,00:34/저/17,07:48/고/31,11:53/저/29,17:31/고/36
제주도,2021-07-15,02:02/고/268,08:46/저/122,13:59/고/221,20:37/저/93
인천,2021-07-15,01:57/저/97,08:04/고/873,14:32/저/163,20:21/고/779
영흥도,2021-07-15,01:45/저/96,07:56/고/808,14:22/저/155,20:13/고/719
목포,2021-07-16,06:25/고/444,11:40/저/87,18:43/고/390,23:51/저/83
여수,2021-07-16,00:59/고/306,07:05/저/104,13:19/고/260,19:21/저/106
속초,2021-07-16,01:32/저/20,08:14/고/36,13:31/저/30,19:01/고/40
부산,2021-07-16,00:02/고/121,06:02/저/34,12:31/고/108,18:33/저/43
포항,2021-07-16,03:09/저/31,10:09/고/42,13:50/저/40,19:15/고/44
통영,2021-07-16,00:41/고/247,06:43/저/84,13:03/고/212,19:02/저/85
태안,2021-07-16,02:02/저/119,08:14/고/699,14:42/저/155,20:38/고/624
울산,2021-07-16,05:12/저/18,11:51/고/55,17:50/저/30,23:52/고/54
울릉도,2021-07-16,01:13/저/18,08:04/고/31,13:13/저/27,18:35/고/33
제주도,2021-07-16,02:45/고/259,09:35/저/119,15:01/고/218,21:32/저/110
인천,2021-07-16,02:37/저/126,08:43/고/847,15:12/저/171,21:07/고/765
영흥도,2021-07-16,02:26/저/121,08:36/고/787,15:02/저/161,21:00/고/710
목포,2021-07-17,07:09/고/424,12:29/저/89,19:40/고/392,--:--/-/--/--
여수,2021-07-17,01:46/고/288,07:57/저/107,14:22/고/256,20:25/저/124
속초,2021-07-17,02:16/저/22,08:47/고/37,14:51/저/28,20:15/고/37
부산,2021-07-17,00:48/고/115,06:53/저/38,13:33/고/105,19:35/저/48
포항,2021-07-17,03:50/저/32,10:22/고/41,15:35/저/37,20:46/고/41
통영,2021-07-17,01:26/고/234,07:35/저/87,14:07/고/208,20:04/저/99
태안,2021-07-17,02:50/저/155,08:58/고/667,15:29/저/162,21:35/고/613
울산,2021-07-17,06:03/저/21,12:42/고/53,18:54/저/30,--:--/-/--/--
울릉도,2021-07-17,01:53/저/20,08:28/고/31,14:35/저/24,19:56/고/30
제주도,2021-07-17,03:31/고/248,10:28/저/113,16:20/고/218,22:37/저/126
인천,2021-07-17,03:23/저/170,09:28/고/808,15:58/저/183,22:03/고/747
영흥도,2021-07-17,03:12/저/161,09:20/고/753,15:48/저/170,21:56/고/698
목포,2021-07-18,00:48/저/117,07:59/고/403,13:25/저/92,20:45/고/398
여수,2021-07-18,02:41/고/270,08:58/저/108,15:41/고/257,21:45/저/136
속초,2021-07-18,03:04/저/25,09:25/고/39,16:15/저/26,21:59/고/35
부산,2021-07-18,01:47/고/108,07:54/저/41,14:51/고/104,20:51/저/51
포항,2021-07-18,04:31/저/34,10:32/고/41,16:56/저/34,23:42/고/40
통영,2021-07-18,02:22/고/221,08:36/저/88,15:27/고/209,21:23/저/109
태안,2021-07-18,03:47/저/198,09:52/고/630,16:25/저/168,22:45/고/609
울산,2021-07-18,01:00/고/51,07:04/저/25,13:41/고/51,20:09/저/28
울릉도,2021-07-18,02:36/저/22,09:00/고/33,15:55/저/21,22:02/고/29
제주도,2021-07-18,04:25/고/235,11:25/저/106,17:52/고/225,23:55/저/137
인천,2021-07-18,04:17/저/222,10:23/고/762,16:54/저/196,23:12/고/736
영흥도,2021-07-18,04:07/저/209,10:13/고/711,16:43/저/180,23:04/고/691
목포,2021-07-19,02:01/저/147,08:57/고/382,14:34/저/90,21:57/고/410
여수,2021-07-19,03:51/고/257,10:07/저/104,17:08/고/269,23:13/저/137
속초,2021-07-19,03:58/저/29,10:07/고/41,17:32/저/22,--:--/-/--/--
부산,2021-07-19,03:02/고/104,09:06/저/43,16:15/고/106,22:16/저/49
포항,2021-07-19,05:12/저/37,10:48/고/42,18:04/저/31,--:--/-/--/--
통영,2021-07-19,03:31/고/210,09:47/저/85,16:53/고/217,22:52/저/110
태안,2021-07-19,04:58/저/235,10:59/고/596,17:33/저/167,--:--/-/--/--
울산,2021-07-19,02:28/고/50,08:15/저/28,14:52/고/50,21:28/저/25
울릉도,2021-07-19,03:25/저/26,09:38/고/34,17:08/저/18,--:--/-/--/--
제주도,2021-07-19,05:29/고/225,12:26/저/95,19:14/고/239,--:--/-/--/--
인천,2021-07-19,05:25/저/270,11:31/고/720,18:03/저/199,--:--/-/--/--
영흥도,2021-07-19,05:16/저/253,11:19/고/671,17:51/저/181,--:--/-/--/--
목포,2021-07-20,03:30/저/160,10:03/고/367,15:46/저/79,23:11/고/430
여수,2021-07-20,05:08/고/253,11:18/저/95,18:24/고/289,--:--/-/--/--
속초,2021-07-20,00:22/고/35,04:58/저/31,10:55/고/43,18:37/저/19
부산,2021-07-20,04:23/고/103,10:23/저/41,17:31/고/112,23:34/저/42
포항,2021-07-20,02:30/고/40,05:35/저/39,11:18/고/43,19:09/저/28
통영,2021-07-20,04:48/고/205,11:00/저/76,18:10/고/232,--:--/-/--/--
태안,2021-07-20,00:04/고/620,06:24/저/251,12:17/고/577,18:46/저/151
울산,2021-07-20,03:58/고/51,09:33/저/29,16:07/고/51,22:41/저/21
울릉도,2021-07-20,00:54/고/30,04:21/저/29,10:21/고/36,18:15/저/16
제주도,2021-07-20,01:19/저/141,06:38/고/218,13:27/저/83,20:21/고/256
인천,2021-07-20,00:32/고/746,06:53/저/291,12:52/고/700,19:19/저/182
영흥도,2021-07-20,00:23/고/701,06:41/저/275,12:37/고/648,19:05/저/166
목포,2021-07-21,04:52/저/150,11:13/고/362,16:53/저/60,--:--/-/--/--
여수,2021-07-21,00:31/저/127,06:20/고/258,12:24/저/80,19:27/고/313
속초,2021-07-21,02:02/고/36,05:57/저/33,11:48/고/45,19:36/저/17
부산,2021-07-21,05:37/고/106,11:35/저/36,18:37/고/119,--:--/-/--/--
포항,2021-07-21,12:00/고/45,20:11/저/26,--:--/-/--/--,--:--/-/--/--
통영,2021-07-21,00:13/저/101,06:01/고/208,12:08/저/63,19:14/고/250
태안,2021-07-21,01:23/고/651,07:50/저/238,13:34/고/580,19:56/저/123
울산,2021-07-21,05:15/고/54,10:47/저/29,17:19/고/53,23:43/저/17
울릉도,2021-07-21,02:34/고/32,05:21/저/31,11:09/고/39,19:15/저/15
제주도,2021-07-21,02:36/저/136,07:44/고/217,14:27/저/68,21:19/고/274
인천,2021-07-21,01:52/고/781,08:21/저/274,14:10/고/708,20:31/저/146
영흥도,2021-07-21,01:42/고/730,08:08/저/264,13:55/고/651,20:16/저/135
목포,2021-07-22,00:22/고/456,05:57/저/130,12:19/고/367,17:53/저/38
여수,2021-07-22,01:34/저/111,07:22/고/270,13:24/저/64,20:21/고/335
속초,2021-07-22,03:04/고/38,06:54/저/34,12:43/고/47,20:31/저/15
부산,2021-07-22,00:37/저/33,06:41/고/111,12:38/저/29,19:34/고/127
포항,2021-07-22,12:51/고/47,21:12/저/26,--:--/-/--/--,--:--/-/--/--
통영,2021-07-22,01:18/저/87,07:04/고/216,13:08/저/49,20:10/고/267
태안,2021-07-22,02:33/고/691,09:02/저/206,14:42/고/599,20:58/저/91
울산,2021-07-22,06:20/고/57,11:51/저/29,18:22/고/55,--:--/-/--/--
울릉도,2021-07-22,03:43/고/34,06:15/저/33,12:00/고/41,20:11/저/14
제주도,2021-07-22,03:40/저/127,08:42/고/221,15:23/저/54,22:09/고/289
인천,2021-07-22,03:01/고/828,09:33/저/234,15:18/고/736,21:33/저/105
영흥도,2021-07-22,02:51/고/769,09:21/저/230,15:04/고/672,21:20/저/100
목포,2021-07-23,01:25/고/482,06:52/저/108,13:20/고/379,18:48/저/18
여수,2021-07-23,02:27/저/95,08:16/고/284,14:18/저/48,21:10/고/353
속초,2021-07-23,03:51/고/38,07:46/저/35,13:38/고/49,21:22/저/14
부산,2021-07-23,01:29/저/24,07:38/고/116,13:32/저/23,20:23/고/133
포항,2021-07-23,13:47/고/49,22:15/저/25,--:--/-/--/--,--:--/-/--/--
통영,2021-07-23,02:10/저/73,07:59/고/225,14:01/저/37,20:58/고/280
태안,2021-07-23,03:32/고/729,10:02/저/173,15:40/고/624,21:54/저/62
울산,2021-07-23,00:38/저/13,07:16/고/60,12:46/저/27,19:17/고/59
울릉도,2021-07-23,12:53/고/43,21:02/저/14,--:--/-/--/--,--:--/-/--/--
제주도,2021-07-23,04:33/저/117,09:35/고/228,16:16/저/43,22:55/고/299
인천,2021-07-23,04:01/고/873,10:33/저/190,16:16/고/770,22:30/저/69
영흥도,2021-07-23,03:52/고/807,10:21/저/191,16:03/고/700,22:17/저/70
목포,2021-07-24,02:21/고/502,07:40/저/89,14:14/고/392,19:37/저/3
여수,2021-07-24,03:13/저/81,09:05/고/296,15:07/저/37,21:54/고/363
속초,2021-07-24,04:32/고/38,08:34/저/34,14:30/고/50,22:11/저/14
부산,2021-07-24,02:16/저/18,08:28/고/121,14:20/저/19,21:07/고/137
포항,2021-07-24,14:40/고/50,23:19/저/26,--:--/-/--/--,--:--/-/--/--
통영,2021-07-24,02:56/저/62,08:49/고/234,14:49/저/29,21:42/고/287
태안,2021-07-24,04:25/고/758,10:53/저/145,16:32/고/647,22:45/저/42
울산,2021-07-24,01:26/저/10,08:07/고/62,13:34/저/26,20:04/고/61
울릉도,2021-07-24,13:46/고/44,21:50/저/14,--:--/-/--/--,--:--/-/--/--
제주도,2021-07-24,05:20/저/110,10:24/고/236,17:05/저/37,23:38/고/302
인천,2021-07-24,04:54/고/908,11:24/저/154,17:07/고/801,23:21/저/43
영흥도,2021-07-24,04:45/고/835,11:14/저/158,16:56/고/725,23:09/저/49
목포,2021-07-25,03:11/고/513,08:24/저/76,15:04/고/404,20:22/저/-2
여수,2021-07-25,03:55/저/73,09:51/고/302,15:51/저/34,22:35/고/363
속초,2021-07-25,05:09/고/38,09:21/저/34,15:19/고/50,22:57/저/14
부산,2021-07-25,02:59/저/14,09:13/고/124,15:03/저/18,21:46/고/138
포항,2021-07-25,15:32/고/50,--:--/-/--/--,--:--/-/--/--,--:--/-/--/--
통영,2021-07-25,03:38/저/56,09:34/고/240,15:32/저/27,22:21/고/286
태안,2021-07-25,05:12/고/774,11:39/저/126,17:19/고/665,23:31/저/34
울산,2021-07-25,02:09/저/8,08:52/고/63,14:17/저/26,20:45/고/63
울릉도,2021-07-25,14:38/고/44,22:36/저/14,--:--/-/--/--,--:--/-/--/--
제주도,2021-07-25,06:04/저/106,11:09/고/241,17:51/저/40,--:--/-/--/--
인천,2021-07-25,05:42/고/929,12:10/저/130,17:54/고/823,--:--/-/--/--
영흥도,2021-07-25,05:32/고/850,12:00/저/134,17:43/고/742,23:55/저/42
목포,2021-07-26,03:57/고/513,09:05/저/70,15:51/고/412,21:05/저/4
여수,2021-07-26,04:35/저/72,10:34/고/302,16:31/저/40,23:13/고/353
속초,2021-07-26,05:45/고/37,10:07/저/33,16:05/고/49,23:40/저/16
부산,2021-07-26,03:38/저/15,09:54/고/124,15:43/저/20,22:21/고/135
포항,2021-07-26,00:17/저/27,16:22/고/50,--:--/-/--/--,--:--/-/--/--
통영,2021-07-26,04:17/저/56,10:16/고/241,16:13/저/33,22:58/고/279
태안,2021-07-26,05:55/고/776,12:20/저/116,18:02/고/675,--:--/-/--/--
울산,2021-07-26,02:50/저/9,09:33/고/63,14:56/저/26,21:19/고/63
울릉도,2021-07-26,15:27/고/43,23:19/저/15,--:--/-/--/--,--:--/-/--/--
제주도,2021-07-26,00:18/고/299,06:46/저/107,11:53/고/242,18:34/저/51
인천,2021-07-26,00:08/저/30,06:24/고/934,12:52/저/118,18:36/고/835
영흥도,2021-07-26,06:15/고/852,12:42/저/122,18:25/고/749,--:--/-/--/--
목포,2021-07-27,04:39/고/503,09:44/저/70,16:35/고/415,21:45/저/22
여수,2021-07-27,05:13/저/77,11:14/고/295,17:09/저/55,23:48/고/334
속초,2021-07-27,06:19/고/37,10:54/저/32,16:50/고/48,--:--/-/--/--
부산,2021-07-27,04:16/저/19,10:33/고/122,16:20/저/26,22:53/고/130
포항,2021-07-27,01:06/저/28,17:12/고/49,--:--/-/--/--,--:--/-/--/--
통영,2021-07-27,04:53/저/62,10:56/고/238,16:50/저/46,23:30/고/266
태안,2021-07-27,00:13/저/39,06:33/고/767,12:57/저/116,18:42/고/676
울산,2021-07-27,03:27/저/10,10:09/고/61,15:33/저/26,21:48/고/61
울릉도,2021-07-27,16:16/고/41,--:--/-/--/--,--:--/-/--/--,--:--/-/--/--
제주도,2021-07-27,00:56/고/290,07:27/저/110,12:37/고/239,19:16/저/69
인천,2021-07-27,00:50/저/34,07:03/고/924,13:29/저/119,19:16/고/834
영흥도,2021-07-27,00:37/저/50,06:53/고/841,13:19/저/123,19:05/고/745
목포,2021-07-28,05:17/고/485,10:22/저/77,17:19/고/413,22:25/저/52
여수,2021-07-28,05:49/저/88,11:53/고/283,17:45/저/76,--:--/-/--/--
속초,2021-07-28,00:19/저/18,06:52/고/36,11:43/저/31,17:34/고/45
부산,2021-07-28,04:52/저/25,11:09/고/118,16:55/저/33,23:20/고/123
포항,2021-07-28,01:47/저/29,09:24/고/42,12:30/저/41,18:04/고/46
통영,2021-07-28,05:29/저/71,11:34/고/230,17:26/저/64,--:--/-/--/--
태안,2021-07-28,00:52/저/59,07:07/고/746,13:31/저/125,19:20/고/667
울산,2021-07-28,04:02/저/13,10:42/고/59,16:08/저/27,22:13/고/58
울릉도,2021-07-28,00:00/저/17,06:57/고/31,10:59/저/29,17:06/고/38
제주도,2021-07-28,01:32/고/276,08:08/저/116,13:22/고/231,19:58/저/93
인천,2021-07-28,01:28/저/55,07:38/고/901,14:03/저/132,19:53/고/820
영흥도,2021-07-28,01:15/저/71,07:28/고/819,13:53/저/134,19:42/고/733
목포,2021-07-29,05:53/고/459,10:59/저/88,18:02/고/406,23:05/저/89
여수,2021-07-29,00:20/고/309,06:25/저/102,12:31/고/268,18:20/저/101
속초,2021-07-29,00:54/저/20,07:24/고/37,12:38/저/31,18:21/고/41
부산,2021-07-29,05:27/저/33,11:44/고/113,17:30/저/42,23:45/고/115
포항,2021-07-29,02:24/저/30,09:42/고/41,14:19/저/39,19:05/고/43
통영,2021-07-29,00:00/고/249,06:04/저/82,12:13/고/220,18:01/저/85
태안,2021-07-29,01:29/저/92,07:39/고/716,14:04/저/141,19:58/고/648
울산,2021-07-29,04:35/저/17,11:12/고/56,16:44/저/28,22:40/고/55
울릉도,2021-07-29,00:37/저/18,07:23/고/31,12:19/저/28,17:59/고/34
제주도,2021-07-29,02:07/고/260,08:49/저/122,14:11/고/222,20:40/저/119
인천,2021-07-29,02:04/저/94,08:10/고/866,14:35/저/153,20:30/고/795
영흥도,2021-07-29,01:51/저/105,08:00/고/787,14:25/저/153,20:19/고/713
목포,2021-07-30,06:26/고/429,11:38/저/103,18:45/고/394,23:46/저/130
여수,2021-07-30,00:50/고/283,07:00/저/115,13:11/고/253,18:57/저/127
속초,2021-07-30,01:26/저/24,07:56/고/37,13:46/저/30,19:15/고/38
부산,2021-07-30,06:02/저/42,12:21/고/108,18:07/저/51,--:--/-/--/--
포항,2021-07-30,02:56/저/31,09:56/고/40,15:28/저/36,20:29/고/40
통영,2021-07-30,00:27/고/232,06:41/저/93,12:54/고/210,18:39/저/105
태안,2021-07-30,02:05/저/138,08:11/고/678,14:36/저/163,20:38/고/622
울산,2021-07-30,05:07/저/21,11:42/고/53,17:23/저/28,23:12/고/50
울릉도,2021-07-30,01:11/저/21,07:51/고/31,13:55/저/26,19:04/고/31
제주도,2021-07-30,02:40/고/243,09:33/저/127,15:11/고/213,21:26/저/143
인천,2021-07-30,02:38/저/147,08:41/고/821,15:06/저/183,21:08/고/760
영흥도,2021-07-30,02:26/저/151,08:31/고/746,14:57/저/178,20:58/고/687
목포,2021-07-31,06:58/고/398,12:19/저/120,19:33/고/382,--:--/-/--/--
여수,2021-07-31,01:18/고/259,07:40/저/127,14:00/고/241,19:42/저/150
속초,2021-07-31,01:54/저/27,08:28/고/38,15:12/저/29,20:35/고/35
부산,2021-07-31,00:11/고/108,06:41/저/50,13:06/고/103,18:52/저/59
포항,2021-07-31,03:25/저/32,10:03/고/39,16:30/저/33,22:09/고/37
통영,2021-07-31,00:55/고/215,07:22/저/104,13:44/고/200,19:24/저/124
태안,2021-07-31,02:42/저/191,08:44/고/633,15:11/저/190,21:23/고/592
울산,2021-07-31,05:42/저/25,12:16/고/49,18:11/저/28,23:59/고/46
울릉도,2021-07-31,01:38/저/23,08:17/고/32,15:29/저/24,20:59/고/28
제주도,2021-07-31,03:14/고/227,10:19/저/130,16:35/고/208,22:22/저/162
인천,2021-07-31,03:14/저/211,09:13/고/768,15:40/저/217,21:51/고/720
영흥도,2021-07-31,03:04/저/207,09:06/고/697,15:32/저/208,21:44/고/657
목포,2021-08-01,00:33/저/171,07:34/고/368,13:06/저/137,20:25/고/372
여수,2021-08-01,01:52/고/237,08:31/저/135,15:07/고/233,20:49/저/168
속초,2021-08-01,02:17/저/30,09:02/고/39,16:41/저/28,23:07/고/34
부산,2021-08-01,00:46/고/100,07:30/저/57,14:08/고/99,19:55/저/66
포항,2021-08-01,03:48/저/33,10:02/고/38,17:34/저/31,--:--/-/--/--
통영,2021-08-01,01:29/고/199,08:15/저/112,14:52/고/193,20:30/저/139
태안,2021-08-01,03:25/저/249,09:23/고/584,15:54/저/218,22:21/고/565
울산,2021-08-01,06:27/저/29,13:03/고/46,19:14/저/28,--:--/-/--/--
울릉도,2021-08-01,01:54/저/25,08:43/고/32,16:44/저/22,--:--/-/--/--
제주도,2021-08-01,03:54/고/213,11:10/저/130,18:17/고/210,23:44/저/174
인천,2021-08-01,03:54/저/280,09:52/고/709,16:21/저/254,22:47/고/683
영흥도,2021-08-01,03:48/저/267,09:48/고/643,16:17/저/240,22:46/고/629
목포,2021-08-02,01:42/저/205,08:17/고/342,14:08/저/149,21:26/고/367
여수,2021-08-02,02:48/고/221,09:41/저/138,16:37/고/236,22:40/저/174
속초,2021-08-02,02:36/저/33,09:40/고/41,17:54/저/26,--:--/-/--/--
부산,2021-08-02,01:47/고/92,08:45/저/62,15:31/고/98,21:34/저/68
포항,2021-08-02,09:57/고/38,18:38/저/28,--:--/-/--/--,--:--/-/--/--
통영,2021-08-02,02:23/고/185,09:26/저/115,16:20/고/194,22:19/저/144
태안,2021-08-02,04:23/저/301,10:15/고/537,16:52/저/241,23:38/고/553
울산,2021-08-02,01:24/고/42,07:42/저/32,14:09/고/44,20:39/저/27
울릉도,2021-08-02,09:09/고/33,17:44/저/20,--:--/-/--/--,--:--/-/--/--
제주도,2021-08-02,04:55/고/202,12:06/저/128,19:34/고/218,--:--/-/--/--
인천,2021-08-02,04:48/저/344,10:45/고/651,17:19/저/285,--:--/-/--/--
영흥도,2021-08-02,04:48/저/323,10:45/고/591,17:21/저/264,--:--/-/--/--
목포,2021-08-03,03:32/저/216,09:12/고/323,15:23/저/150,22:37/고/373
여수,2021-08-03,04:27/고/213,10:57/저/133,17:59/고/249,--:--/-/--/--
속초,2021-08-03,10:25/고/42,18:48/저/24,--:--/-/--/--,--:--/-/--/--
부산,2021-08-03,03:43/고/89,10:16/저/61,16:51/고/100,23:12/저/63
포항,2021-08-03,10:01/고/38,19:35/저/26,--:--/-/--/--,--:--/-/--/--
통영,2021-08-03,04:01/고/177,10:45/저/112,17:42/고/203,--:--/-/--/--
태안,2021-08-03,05:48/저/331,11:33/고/505,18:08/저/245,--:--/-/--/--
울산,2021-08-03,03:36/고/41,09:28/저/33,15:26/고/44,22:06/저/24
울릉도,2021-08-03,09:40/고/34,18:33/저/19,--:--/-/--/--,--:--/-/--/--
제주도,2021-08-03,01:32/저/176,06:19/고/195,13:03/저/123,20:29/고/228
인천,2021-08-03,00:03/고/665,06:13/저/384,12:04/고/612,18:39/저/293
영흥도,2021-08-03,00:05/고/619,06:19/저/353,12:09/고/560,18:42/저/265
목포,2021-08-04,04:56/저/204,10:18/고/315,16:28/저/140,23:48/고/388
여수,2021-08-04,00:23/저/165,05:55/고/219,12:03/저/123,18:58/고/267
속초,2021-08-04,03:06/고/37,04:39/저/36,11:16/고/43,19:32/저/23
부산,2021-08-04,05:15/고/91,11:29/저/57,17:56/고/106,--:--/-/--/--
포항,2021-08-04,10:31/고/39,20:26/저/25,--:--/-/--/--,--:--/-/--/--
통영,2021-08-04,00:03/저/136,05:33/고/179,11:50/저/103,18:42/고/216
태안,2021-08-04,01:01/고/568,07:25/저/323,13:02/고/503,19:21/저/226
울산,2021-08-04,05:04/고/43,10:51/저/32,16:36/고/46,23:12/저/21
울릉도,2021-08-04,10:21/고/35,19:14/저/18,--:--/-/--/--,--:--/-/--/--
제주도,2021-08-04,02:56/저/168,07:29/고/194,13:58/저/115,21:12/고/239
인천,2021-08-04,01:25/고/679,07:52/저/375,13:33/고/612,19:54/저/269
영흥도,2021-08-04,01:27/고/636,07:54/저/340,13:37/고/566,19:55/저/240
목포,2021-08-05,05:52/저/183,11:27/고/320,17:22/저/121,--:--/-/--/--
여수,2021-08-05,01:19/저/150,06:52/고/231,12:57/저/108,19:43/고/286
속초,2021-08-05,03:18/고/38,05:55/저/37,12:08/고/45,20:10/저/22
부산,2021-08-05,00:14/저/55,06:14/고/96,12:21/저/50,18:47/고/112
포항,2021-08-05,11:28/고/39,21:12/저/24,--:--/-/--/--,--:--/-/--/--
통영,2021-08-05,01:02/저/123,06:34/고/187,12:43/저/91,19:29/고/230
태안,2021-08-05,02:08/고/603,08:35/저/289,14:10/고/528,20:20/저/191
울산,2021-08-05,05:56/고/46,11:43/저/30,17:34/고/48,23:59/저/18
울릉도,2021-08-05,11:09/고/36,19:51/저/17,--:--/-/--/--,--:--/-/--/--
제주도,2021-08-05,03:45/저/158,08:24/고/198,14:48/저/104,21:48/고/251
인천,2021-08-05,02:32/고/718,09:02/저/333,14:42/고/644,20:53/저/227
영흥도,2021-08-05,02:33/고/672,09:02/저/303,14:42/고/597,20:52/저/201
목포,2021-08-06,00:47/고/410,06:34/저/161,12:27/고/335,18:08/저/98
여수,2021-08-06,01:58/저/135,07:37/고/246,13:42/저/92,20:22/고/305
속초,2021-08-06,03:32/고/38,06:50/저/37,12:57/고/46,20:45/저/21
부산,2021-08-06,00:56/저/47,06:59/고/102,13:03/저/43,19:29/고/119
포항,2021-08-06,12:44/고/40,21:58/저/24,--:--/-/--/--,--:--/-/--/--
통영,2021-08-06,01:42/저/109,07:21/고/197,13:26/저/77,20:08/고/245
태안,2021-08-06,02:58/고/644,09:24/저/248,15:02/고/563,21:09/저/152
울산,2021-08-06,06:37/고/49,12:22/저/29,18:23/고/51,--:--/-/--/--
울릉도,2021-08-06,12:00/고/37,20:27/저/16,--:--/-/--/--,--:--/-/--/--
제주도,2021-08-06,04:19/저/149,09:08/고/205,15:32/저/92,22:20/고/262
인천,2021-08-06,03:23/고/766,09:53/저/283,15:34/고/688,21:42/저/179
영흥도,2021-08-06,03:24/고/711,09:50/저/261,15:32/고/636,21:40/저/161
목포,2021-08-07,01:34/고/433,07:09/저/139,13:18/고/354,18:50/저/71
여수,2021-08-07,02:32/저/120,08:17/고/261,14:21/저/76,20:58/고/323
속초,2021-08-07,03:48/고/39,07:37/저/36,13:42/고/47,21:19/저/20
부산,2021-08-07,01:31/저/39,07:38/고/109,13:39/저/35,20:07/고/126
포항,2021-08-07,13:47/고/42,22:45/저/24,--:--/-/--/--,--:--/-/--/--
통영,2021-08-07,02:15/저/96,08:01/고/209,14:04/저/63,20:44/고/258
태안,2021-08-07,03:40/고/681,10:05/저/210,15:44/고/598,21:52/저/115
울산,2021-08-07,00:39/저/15,07:13/고/51,12:56/저/27,19:06/고/55
울릉도,2021-08-07,12:50/고/38,21:03/저/15,--:--/-/--/--,--:--/-/--/--
제주도,2021-08-07,04:49/저/139,09:45/고/214,16:13/저/79,22:50/고/272
인천,2021-08-07,04:07/고/813,10:35/저/236,16:17/고/733,22:26/저/133
영흥도,2021-08-07,04:05/고/748,10:30/저/221,16:14/고/675,22:22/저/123
목포,2021-08-08,02:16/고/453,07:40/저/118,14:03/고/373,19:29/저/45
여수,2021-08-08,03:03/저/106,08:55/고/276,14:58/저/62,21:32/고/338
속초,2021-08-08,04:07/고/39,08:21/저/35,14:23/고/48,21:53/저/19
부산,2021-08-08,02:04/저/32,08:15/고/115,14:14/저/29,20:43/고/132
포항,2021-08-08,14:37/고/43,23:31/저/24,--:--/-/--/--,--:--/-/--/--
통영,2021-08-08,02:46/저/84,08:39/고/221,14:41/저/51,21:19/고/270
태안,2021-08-08,04:18/고/713,10:43/저/177,16:24/고/629,22:34/저/84
울산,2021-08-08,01:14/저/13,07:49/고/54,13:28/저/25,19:44/고/58
울릉도,2021-08-08,04:33/고/31,07:29/저/30,13:38/고/38,21:39/저/14
제주도,2021-08-08,05:18/저/131,10:20/고/225,16:52/저/68,23:19/고/281
인천,2021-08-08,04:46/고/853,11:13/저/195,16:56/고/773,23:08/저/93
영흥도,2021-08-08,04:42/고/780,11:07/저/185,16:51/고/709,23:02/저/90
목포,2021-08-09,02:55/고/469,08:12/저/98,14:47/고/391,20:08/저/24
여수,2021-08-09,03:34/저/92,09:32/고/288,15:34/저/51,22:06/고/348
속초,2021-08-09,04:29/고/39,09:04/저/34,15:03/고/49,22:28/저/18
부산,2021-08-09,02:36/저/26,08:52/고/120,14:48/저/24,21:17/고/137
포항,2021-08-09,15:19/고/44,--:--/-/--/--,--:--/-/--/--,--:--/-/--/--
통영,2021-08-09,03:17/저/73,09:16/고/232,15:17/저/42,21:53/고/278
태안,2021-08-09,04:54/고/737,11:19/저/149,17:01/고/654,23:13/저/61
울산,2021-08-09,01:47/저/11,08:25/고/57,14:01/저/24,20:21/고/61
울릉도,2021-08-09,04:49/고/30,08:17/저/29,14:24/고/38,22:14/저/13
제주도,2021-08-09,05:48/저/123,10:55/고/235,17:31/저/60,23:48/고/287
인천,2021-08-09,05:23/고/886,11:50/저/160,17:34/고/807,23:49/저/62
영흥도,2021-08-09,05:18/고/808,11:43/저/154,17:28/고/738,23:40/저/65
목포,2021-08-10,03:33/고/479,08:45/저/79,15:30/고/407,20:46/저/11
여수,2021-08-10,04:06/저/81,10:09/고/298,16:11/저/45,22:41/고/353
속초,2021-08-10,04:55/고/39,09:47/저/32,15:43/고/49,23:04/저/18
부산,2021-08-10,03:08/저/21,09:29/고/124,15:23/저/21,21:51/고/140
포항,2021-08-10,00:16/저/24,16:00/고/44,--:--/-/--/--,--:--/-/--/--
통영,2021-08-10,03:48/저/65,09:54/고/240,15:53/저/37,22:26/고/282
태안,2021-08-10,05:30/고/753,11:54/저/126,17:39/고/673,23:52/저/50
울산,2021-08-10,02:20/저/9,09:00/고/59,14:35/저/23,20:56/고/63
울릉도,2021-08-10,05:06/고/28,09:06/저/27,15:09/고/37,22:49/저/12
제주도,2021-08-10,06:19/저/115,11:31/고/244,18:09/저/59,--:--/-/--/--
인천,2021-08-10,05:59/고/909,12:26/저/131,18:12/고/832,--:--/-/--/--
영흥도,2021-08-10,05:52/고/832,12:17/저/127,18:04/고/761,--:--/-/--/--
목포,2021-08-11,04:10/고/482,09:19/저/63,16:13/고/419,21:24/저/9
여수,2021-08-11,04:39/저/74,10:48/고/304,16:48/저/48,23:17/고/349
속초,2021-08-11,05:22/고/39,10:32/저/31,16:25/고/48,23:39/저/19
부산,2021-08-11,03:42/저/19,10:05/고/126,15:59/저/22,22:25/고/139
포항,2021-08-11,00:58/저/25,16:43/고/44,--:--/-/--/--,--:--/-/--/--
통영,2021-08-11,04:20/저/59,10:32/고/245,16:30/저/40,23:00/고/279
태안,2021-08-11,06:04/고/760,12:28/저/110,18:15/고/686,--:--/-/--/--
울산,2021-08-11,02:54/저/9,09:35/고/60,15:11/저/23,21:31/고/63
울릉도,2021-08-11,05:24/고/27,09:58/저/25,15:56/고/35,23:25/저/12
제주도,2021-08-11,00:19/고/290,06:54/저/108,12:11/고/250,18:50/저/64
인천,2021-08-11,00:29/저/44,06:35/고/921,13:01/저/110,18:49/고/847
영흥도,2021-08-11,00:18/저/49,06:27/고/846,12:51/저/107,18:40/고/777
목포,2021-08-12,04:46/고/478,09:54/저/51,16:57/고/427,22:04/저/20
여수,2021-08-12,05:14/저/72,11:28/고/304,17:28/저/59,23:53/고/336
속초,2021-08-12,05:52/고/39,11:20/저/30,17:10/고/46,--:--/-/--/--
부산,2021-08-12,04:17/저/20,10:43/고/125,16:37/저/25,22:59/고/135
포항,2021-08-12,01:38/저/26,08:36/고/38,11:50/저/36,17:31/고/43
통영,2021-08-12,04:55/저/58,11:12/고/246,17:08/저/49,23:35/고/270
태안,2021-08-12,00:30/저/51,06:38/고/757,13:02/저/100,18:53/고/691
울산,2021-08-12,03:28/저/10,10:09/고/59,15:49/저/23,22:07/고/62
울릉도,2021-08-12,05:45/고/27,10:55/저/22,16:47/고/33,--:--/-/--/--
제주도,2021-08-12,00:52/고/286,07:31/저/103,12:55/고/251,19:33/저/77
인천,2021-08-12,01:07/저/43,07:10/고/918,13:36/저/98,19:26/고/850
영흥도,2021-08-12,00:55/저/48,07:01/고/849,13:25/저/95,19:17/고/784
목포,2021-08-13,05:24/고/466,10:31/저/46,17:42/고/430,22:45/저/45
여수,2021-08-13,05:52/저/75,12:10/고/298,18:10/저/79,--:--/-/--/--
속초,2021-08-13,00:15/저/21,06:23/고/39,12:13/저/28,18:00/고/43
부산,2021-08-13,04:54/저/23,11:22/고/122,17:18/저/32,23:36/고/128
포항,2021-08-13,02:15/저/27,08:51/고/37,12:45/저/34,18:29/고/41
통영,2021-08-13,05:31/저/61,11:53/고/241,17:50/저/65,--:--/-/--/--
태안,2021-08-13,01:08/저/67,07:13/고/742,13:37/저/98,19:33/고/687
울산,2021-08-13,04:05/저/13,10:41/고/58,16:29/저/23,22:46/고/59
울릉도,2021-08-13,00:00/저/13,06:10/고/27,11:57/저/19,17:45/고/30
제주도,2021-08-13,01:27/고/277,08:11/저/101,13:45/고/247,20:21/저/97
인천,2021-08-13,01:45/저/61,07:45/고/900,14:10/저/99,20:05/고/841
영흥도,2021-08-13,01:33/저/64,07:36/고/836,13:59/저/95,19:56/고/781
목포,2021-08-14,06:03/고/445,11:11/저/50,18:31/고/428,23:30/저/82
여수,2021-08-14,00:30/고/315,06:31/저/84,12:56/고/287,18:57/저/106
속초,2021-08-14,00:52/저/23,06:57/고/40,13:15/저/27,19:02/고/39
부산,2021-08-14,05:33/저/29,12:05/고/117,18:04/저/41,--:--/-/--/--
포항,2021-08-14,02:50/저/29,08:56/고/37,14:05/저/32,20:08/고/38
통영,2021-08-14,00:11/고/254,06:11/저/68,12:40/고/232,18:37/저/86
태안,2021-08-14,01:48/저/99,07:49/고/714,14:13/저/106,20:17/고/673
울산,2021-08-14,04:45/저/17,11:12/고/55,17:15/저/24,23:32/고/55
울릉도,2021-08-14,00:37/저/16,06:40/고/27,13:06/저/17,18:56/고/27
제주도,2021-08-14,02:05/고/263,08:56/저/101,14:44/고/241,21:14/저/119
인천,2021-08-14,02:23/저/100,08:21/고/865,14:47/저/113,20:47/고/818
영흥도,2021-08-14,02:11/저/100,08:11/고/805,14:34/저/108,20:38/고/764
목포,2021-08-15,06:44/고/418,11:56/저/62,19:24/고/421,--:--/-/--/--
여수,2021-08-15,01:11/고/289,07:17/저/97,13:52/고/273,19:56/저/134
속초,2021-08-15,01:29/저/27,07:34/고/40,14:32/저/25,20:28/고/36
부산,2021-08-15,00:17/고/118,06:19/저/37,12:56/고/110,19:02/저/50
포항,2021-08-15,03:23/저/31,08:55/고/38,15:31/저/28,22:38/고/36
통영,2021-08-15,00:52/고/234,06:57/저/78,13:38/고/220,19:37/저/108
태안,2021-08-15,02:31/저/147,08:29/고/671,14:56/저/126,21:09/고/648
울산,2021-08-15,05:29/저/22,11:45/고/52,18:11/저/25,--:--/-/--/--
울릉도,2021-08-15,01:16/저/19,07:15/고/28,14:21/저/14,20:48/고/25
제주도,2021-08-15,02:48/고/245,09:47/저/102,16:04/고/235,22:22/저/140
인천,2021-08-15,03:04/저/159,09:01/고/813,15:27/저/142,21:37/고/783
영흥도,2021-08-15,02:53/저/154,08:50/고/757,15:15/저/133,21:29/고/735
목포,2021-08-16,00:23/저/127,07:33/고/387,12:48/저/81,20:26/고/414
여수,2021-08-16,02:01/고/261,08:14/저/110,15:11/고/262,21:23/저/155
속초,2021-08-16,02:13/저/30,08:19/고/42,16:00/저/23,23:20/고/35
부산,2021-08-16,01:10/고/108,07:15/저/45,14:12/고/104,20:23/저/57
포항,2021-08-16,03:53/저/33,09:11/고/38,16:43/저/26,--:--/-/--/--
통영,2021-08-16,01:42/고/213,07:55/저/89,15:00/고/211,21:04/저/125
태안,2021-08-16,03:23/저/205,09:17/고/618,15:47/저/154,22:15/고/621
울산,2021-08-16,00:33/고/50,06:24/저/27,12:26/고/48,19:28/저/26
울릉도,2021-08-16,01:59/저/22,07:57/고/30,15:40/저/12,23:56/고/26
제주도,2021-08-16,03:40/고/226,10:48/저/104,17:50/고/236,23:49/저/154
인천,2021-08-16,03:52/저/230,09:49/고/748,16:17/저/181,22:41/고/745
영흥도,2021-08-16,03:42/저/222,09:37/고/696,16:04/저/169,22:33/고/701
목포,2021-08-17,01:34/저/168,08:31/고/359,13:56/저/98,21:38/고/412
여수,2021-08-17,03:15/고/239,09:32/저/119,16:59/고/264,23:17/저/157
속초,2021-08-17,03:12/저/33,09:15/고/43,17:23/저/21,--:--/-/--/--
부산,2021-08-17,02:31/고/98,08:33/저/52,16:01/고/102,22:12/저/57
포항,2021-08-17,09:47/고/39,17:53/저/23,--:--/-/--/--,--:--/-/--/--
통영,2021-08-17,02:56/고/194,09:13/저/96,16:49/고/213,23:00/저/126
태안,2021-08-17,04:32/저/262,10:23/고/564,16:56/저/181,23:42/고/609
울산,2021-08-17,02:09/고/47,07:40/저/31,13:34/고/46,21:07/저/24
울릉도,2021-08-17,02:53/저/25,08:50/고/31,16:59/저/11,--:--/-/--/--
제주도,2021-08-17,04:55/고/210,11:59/저/102,19:22/고/247,--:--/-/--/--
인천,2021-08-17,04:57/저/301,10:54/고/682,17:25/저/218,--:--/-/--/--
영흥도,2021-08-17,04:48/저/289,10:40/고/633,17:13/저/203,23:58/고/682
목포,2021-08-18,03:18/저/186,09:42/고/340,15:22/저/102,23:00/고/422
여수,2021-08-18,04:55/고/233,11:03/저/115,18:29/고/284,--:--/-/--/--
속초,2021-08-18,01:35/고/36,04:37/저/35,10:22/고/44,18:34/저/18
부산,2021-08-18,04:16/고/96,10:12/저/52,17:36/고/108,23:40/저/49
포항,2021-08-18,10:37/고/40,19:02/저/22,--:--/-/--/--,--:--/-/--/--
통영,2021-08-18,04:38/고/187,10:46/저/93,18:17/고/228,--:--/-/--/--
태안,2021-08-18,06:11/저/290,11:54/고/532,18:24/저/185,--:--/-/--/--
울산,2021-08-18,04:01/고/47,09:17/저/33,15:39/고/45,22:37/저/20
울릉도,2021-08-18,01:45/고/28,04:14/저/27,09:52/고/32,18:12/저/10
제주도,2021-08-18,01:27/저/155,06:31/고/204,13:14/저/95,20:30/고/260
인천,2021-08-18,00:06/고/725,06:35/저/339,12:28/고/644,18:56/저/225
영흥도,2021-08-18,06:24/저/326,12:12/고/594,18:42/저/212,--:--/-/--/--
목포,2021-08-19,04:53/저/170,11:02/고/339,16:43/저/87,--:--/-/--/--
여수,2021-08-19,00:43/저/140,06:20/고/244,12:24/저/100,19:30/고/309
속초,2021-08-19,02:32/고/38,05:54/저/36,11:34/고/45,19:33/저/16
부산,2021-08-19,05:42/고/101,11:37/저/45,18:43/고/117,--:--/-/--/--
포항,2021-08-19,11:39/고/41,20:09/저/21,--:--/-/--/--,--:--/-/--/--
통영,2021-08-19,00:28/저/112,06:04/고/195,12:07/저/80,19:19/고/247
태안,2021-08-19,01:16/고/629,07:52/저/270,13:30/고/541,19:47/저/158
울산,2021-08-19,05:25/고/50,10:48/저/32,17:22/고/48,23:42/저/16
울릉도,2021-08-19,02:50/고/29,05:46/저/28,11:00/고/34,19:15/저/10
제주도,2021-08-19,02:46/저/146,07:48/고/207,14:23/저/83,21:23/고/274
인천,2021-08-19,01:41/고/745,08:19/저/315,14:04/고/659,20:21/저/191
영흥도,2021-08-19,01:33/고/698,08:10/저/307,13:51/고/602,20:09/저/185
목포,2021-08-20,00:17/고/445,05:57/저/141,12:15/고/356,17:48/저/61
여수,2021-08-20,01:38/저/117,07:22/고/264,13:25/저/78,20:18/고/332
속초,2021-08-20,03:07/고/38,06:56/저/35,12:41/고/47,20:25/저/15
부산,2021-08-20,00:39/저/38,06:45/고/109,12:39/저/36,19:33/고/126
포항,2021-08-20,12:47/고/41,21:15/저/21,--:--/-/--/--,--:--/-/--/--
통영,2021-08-20,01:23/저/93,07:07/고/210,13:08/저/62,20:07/고/264
태안,2021-08-20,02:32/고/672,09:04/저/222,14:42/고/581,20:55/저/116
울산,2021-08-20,06:25/고/53,11:52/저/29,18:26/고/52,--:--/-/--/--
울릉도,2021-08-20,03:34/고/29,06:45/저/28,12:06/고/35,20:08/저/10
제주도,2021-08-20,03:42/저/133,08:47/고/218,15:21/저/69,22:06/고/285
인천,2021-08-20,02:59/고/798,09:33/저/253,15:17/고/713,21:29/저/136
영흥도,2021-08-20,02:51/고/742,09:25/저/250,15:07/고/648,21:18/저/137
목포,2021-08-21,01:20/고/471,06:45/저/110,13:16/고/381,18:41/저/34
여수,2021-08-21,02:21/저/95,08:12/고/285,14:14/저/57,20:59/고/349
속초,2021-08-21,03:33/고/38,07:47/저/33,13:38/고/48,21:11/저/15
부산,2021-08-21,01:24/저/27,07:35/고/118,13:26/저/27,20:14/고/134
포항,2021-08-21,13:50/고/42,22:21/저/21,--:--/-/--/--,--:--/-/--/--
통영,2021-08-21,02:05/저/75,07:57/고/226,13:56/저/46,20:47/고/277
태안,2021-08-21,03:30/고/716,09:57/저/173,15:38/고/627,21:50/저/76
울산,2021-08-21,00:32/저/11,07:12/고/57,12:40/저/25,19:15/고/56
울릉도,2021-08-21,04:01/고/29,07:26/저/27,13:06/고/37,20:54/저/10
제주도,2021-08-21,04:27/저/121,09:36/고/231,16:12/저/58,22:44/고/292
인천,2021-08-21,03:58/고/855,10:28/저/190,16:13/고/773,22:25/저/83
영흥도,2021-08-21,03:50/고/790,10:19/저/191,16:03/고/700,22:14/저/91
목포,2021-08-22,02:11/고/490,07:28/저/84,14:07/고/405,19:27/저/13
여수,2021-08-22,02:59/저/77,08:56/고/303,14:56/저/43,21:36/고/358
속초,2021-08-22,03:56/고/38,08:33/저/32,14:28/고/49,21:53/저/16
부산,2021-08-22,02:04/저/19,08:18/고/124,14:08/저/21,20:51/고/138
포항,2021-08-22,14:45/고/43,23:20/저/22,--:--/-/--/--,--:--/-/--/--
통영,2021-08-22,02:43/저/61,08:40/고/240,14:38/저/35,21:24/고/284
태안,2021-08-22,04:17/고/748,10:42/저/133,16:25/고/667,22:36/저/47
울산,2021-08-22,01:15/저/8,07:54/고/59,13:21/저/22,19:55/고/59
울릉도,2021-08-22,04:12/고/28,08:02/저/26,13:58/고/37,21:34/저/11
제주도,2021-08-22,05:06/저/111,10:19/고/244,16:56/저/52,23:18/고/295
인천,2021-08-22,04:46/고/900,11:13/저/139,16:59/고/823,23:12/저/44
영흥도,2021-08-22,04:38/고/825,11:04/저/142,16:50/고/743,23:01/저/59
목포,2021-08-23,02:56/고/500,08:06/저/65,14:53/고/424,20:09/저/4
여수,2021-08-23,03:35/저/66,09:36/고/314,15:35/저/38,22:11/고/357
속초,2021-08-23,04:18/고/37,09:16/저/30,15:13/고/48,22:31/저/17
부산,2021-08-23,02:40/저/15,08:57/고/128,14:45/저/18,21:24/고/139
포항,2021-08-23,15:34/고/43,--:--/-/--/--,--:--/-/--/--,--:--/-/--/--
통영,2021-08-23,03:17/저/53,09:20/고/250,15:16/저/32,21:57/고/283
태안,2021-08-23,04:58/고/765,11:20/저/107,17:06/고/694,23:18/저/35
울산,2021-08-23,01:53/저/7,08:32/고/60,13:58/저/21,20:29/고/61
울릉도,2021-08-23,04:18/고/27,08:38/저/25,14:45/고/37,22:11/저/12
제주도,2021-08-23,05:43/저/104,11:00/고/253,17:38/저/54,23:50/고/292
인천,2021-08-23,05:28/고/925,11:53/저/105,17:40/고/857,23:54/저/25
영흥도,2021-08-23,05:19/고/844,11:44/저/110,17:31/고/770,23:42/저/45
목포,2021-08-24,03:36/고/498,08:42/저/54,15:35/고/435,20:47/저/8
여수,2021-08-24,04:09/저/62,10:14/고/316,16:10/저/43,22:43/고/347
속초,2021-08-24,04:42/고/37,09:58/저/29,15:55/고/47,23:05/저/18
부산,2021-08-24,03:15/저/14,09:32/고/130,15:19/저/19,21:53/고/137
포항,2021-08-24,00:08/저/23,16:21/고/42,--:--/-/--/--,--:--/-/--/--
통영,2021-08-24,03:50/저/50,09:56/고/253,15:51/저/37,22:26/고/276
태안,2021-08-24,05:33/고/768,11:55/저/93,17:43/고/708,23:55/저/39
울산,2021-08-24,02:28/저/7,09:05/고/60,14:32/저/20,20:58/고/61
울릉도,2021-08-24,04:30/고/27,09:20/저/23,15:30/고/36,22:44/저/13
제주도,2021-08-24,06:18/저/100,11:38/고/257,18:16/저/65,--:--/-/--/--
인천,2021-08-24,06:04/고/931,12:29/저/89,18:18/고/873,--:--/-/--/--
영흥도,2021-08-24,05:55/고/847,12:19/저/94,18:08/고/781,--:--/-/--/--
목포,2021-08-25,04:12/고/486,09:16/저/50,16:16/고/439,21:23/저/26
여수,2021-08-25,04:41/저/65,10:49/고/312,16:43/저/57,23:12/고/329
속초,2021-08-25,05:06/고/37,10:40/저/27,16:35/고/45,23:35/저/20
부산,2021-08-25,03:47/저/17,10:04/고/128,15:51/저/24,22:18/고/132
포항,2021-08-25,00:46/저/24,08:03/고/35,11:35/저/34,17:09/고/40
통영,2021-08-25,04:22/저/53,10:31/고/251,16:24/저/49,22:53/고/264
태안,2021-08-25,06:05/고/758,12:27/저/90,18:18/고/710,--:--/-/--/--
울산,2021-08-25,03:00/저/9,09:35/고/59,15:04/저/20,21:22/고/59
울릉도,2021-08-25,04:50/고/27,10:07/저/21,16:15/고/34,23:16/저/14
제주도,2021-08-25,00:20/고/284,06:53/저/101,12:17/고/255,18:54/저/83
인천,2021-08-25,00:32/저/27,06:38/고/921,13:01/저/87,18:52/고/872
영흥도,2021-08-25,00:19/저/48,06:27/고/837,12:50/저/91,18:42/고/781
목포,2021-08-26,04:45/고/467,09:49/저/54,16:55/고/436,21:58/저/54
여수,2021-08-26,05:10/저/75,11:21/고/302,17:14/저/77,23:37/고/307
속초,2021-08-26,05:32/고/37,11:23/저/27,17:17/고/42,--:--/-/--/--
부산,2021-08-26,04:18/저/23,10:35/고/125,16:21/저/31,22:40/고/126
포항,2021-08-26,01:18/저/26,08:17/고/35,13:00/저/32,18:06/고/38
통영,2021-08-26,04:52/저/61,11:04/고/245,16:54/저/66,23:17/고/248
태안,2021-08-26,00:29/저/58,06:34/고/739,12:55/저/96,18:51/고/700
울산,2021-08-26,03:28/저/12,09:59/고/57,15:33/저/20,21:44/고/57
울릉도,2021-08-26,05:15/고/27,11:00/저/20,17:03/고/31,23:44/저/16
제주도,2021-08-26,00:48/고/271,07:26/저/105,12:56/고/248,19:30/저/105
인천,2021-08-26,01:06/저/49,07:07/고/898,13:30/저/96,19:24/고/857
영흥도,2021-08-26,00:53/저/67,06:56/고/816,13:19/저/99,19:13/고/771
목포,2021-08-27,05:14/고/442,10:21/저/65,17:33/고/427,22:32/저/88
여수,2021-08-27,05:38/저/87,11:53/고/288,17:43/저/100,23:58/고/283
속초,2021-08-27,00:01/저/23,05:58/고/37,12:09/저/26,18:02/고/39
부산,2021-08-27,04:46/저/31,11:03/고/120,16:51/저/39,22:59/고/119
포항,2021-08-27,01:46/저/27,08:21/고/35,14:01/저/30,19:31/고/36
통영,2021-08-27,05:20/저/71,11:37/고/235,17:24/저/85,23:37/고/232
태안,2021-08-27,01:01/저/91,07:02/고/711,13:22/저/111,19:23/고/681
울산,2021-08-27,03:55/저/16,10:21/고/55,16:03/저/21,22:07/고/53
울릉도,2021-08-27,05:40/고/27,12:00/저/19,17:57/고/28,--:--/-/--/--
제주도,2021-08-27,01:14/고/256,07:59/저/111,13:37/고/239,20:06/저/129
인천,2021-08-27,01:37/저/88,07:34/고/865,13:56/저/116,19:55/고/830
영흥도,2021-08-27,01:24/저/99,07:23/고/787,13:45/저/116,19:45/고/753
목포,2021-08-28,05:41/고/414,10:52/저/81,18:10/고/413,23:07/저/127
여수,2021-08-28,06:04/저/101,12:25/고/273,18:13/저/125,--:--/-/--/--
속초,2021-08-28,00:23/저/26,06:24/고/38,13:02/저/26,18:58/고/35
부산,2021-08-28,05:13/저/39,11:32/고/114,17:21/저/48,23:20/고/111
포항,2021-08-28,02:10/저/28,08:09/고/34,14:53/저/27,21:07/고/34
통영,2021-08-28,05:48/저/83,12:10/고/223,17:55/저/105,23:57/고/215
태안,2021-08-28,01:32/저/134,07:28/고/676,13:48/저/132,19:56/고/654
울산,2021-08-28,04:20/저/20,10:43/고/52,16:35/저/22,22:35/고/50
울릉도,2021-08-28,00:09/저/19,06:05/고/27,13:11/저/17,19:14/고/25
제주도,2021-08-28,01:39/고/240,08:32/저/118,14:25/고/229,20:46/저/151
인천,2021-08-28,02:07/저/139,08:00/고/823,14:21/저/144,20:26/고/793
영흥도,2021-08-28,01:54/저/143,07:50/고/749,14:11/저/141,20:18/고/726
목포,2021-08-29,06:08/고/385,11:22/저/101,18:49/고/396,23:45/저/166
여수,2021-08-29,00:19/고/260,06:33/저/116,13:03/고/257,18:49/저/149
속초,2021-08-29,00:38/저/28,06:51/고/38,14:10/저/25,20:33/고/33
부산,2021-08-29,05:41/저/48,12:06/고/108,17:57/저/57,23:46/고/102
포항,2021-08-29,02:30/저/30,07:50/고/34,15:45/저/25,22:31/고/32
통영,2021-08-29,06:17/저/96,12:48/고/210,18:31/저/124,--:--/-/--/--
태안,2021-08-29,02:04/저/185,07:56/고/633,14:16/저/162,20:33/고/619
울산,2021-08-29,04:44/저/25,11:07/고/48,17:13/저/23,23:13/고/45
울릉도,2021-08-29,00:25/저/21,06:29/고/28,14:28/저/16,22:06/고/24
제주도,2021-08-29,02:04/고/224,09:08/저/125,15:31/고/220,21:37/저/169
인천,2021-08-29,02:36/저/201,08:27/고/771,14:47/저/181,21:01/고/748
영흥도,2021-08-29,02:26/저/197,08:19/고/701,14:39/저/175,20:55/고/689
목포,2021-08-30,06:39/고/356,11:57/저/123,19:34/고/379,--:--/-/--/--
여수,2021-08-30,00:42/고/239,07:11/저/131,13:56/고/243,19:42/저/171
속초,2021-08-30,00:42/저/31,07:22/고/39,15:40/저/25,--:--/-/--/--
부산,2021-08-30,06:15/저/57,12:52/고/101,18:45/저/66,--:--/-/--/--
포항,2021-08-30,02:32/저/30,07:47/고/34,16:41/저/23,--:--/-/--/--
통영,2021-08-30,00:22/고/198,06:55/저/109,13:42/고/198,19:24/저/141
태안,2021-08-30,02:39/저/242,08:27/고/583,14:50/저/198,21:20/고/581
울산,2021-08-30,05:13/저/29,11:37/고/45,18:05/저/24,--:--/-/--/--
울릉도,2021-08-30,00:27/저/23,06:53/고/28,15:42/저/15,--:--/-/--/--
제주도,2021-08-30,02:32/고/209,09:53/저/130,17:19/고/216,23:02/저/180
인천,2021-08-30,03:08/저/269,08:59/고/710,15:19/저/228,21:45/고/699
영흥도,2021-08-30,03:02/저/260,08:52/고/643,15:14/저/219,21:44/고/646
목포,2021-08-31,00:34/저/203,07:20/고/328,12:41/저/147,20:29/고/366
여수,2021-08-31,01:19/고/218,08:14/저/144,15:28/고/234,21:45/저/185
속초,2021-08-31,08:02/고/39,17:05/저/24,--:--/-/--/--,--:--/-/--/--
부산,2021-08-31,00:27/고/93,07:12/저/65,14:12/고/96,20:24/저/72
포항,2021-08-31,08:02/고/33,17:43/저/22,--:--/-/--/--,--:--/-/--/--
통영,2021-08-31,00:58/고/181,07:57/저/120,15:13/고/191,21:33/저/152
태안,2021-08-31,03:25/저/299,09:09/고/529,15:38/저/237,22:29/고/549
울산,2021-08-31,00:14/고/40,05:59/저/33,12:28/고/42,19:25/저/25
울릉도,2021-08-31,07:23/고/29,16:51/저/14,--:--/-/--/--,--:--/-/--/--
제주도,2021-08-31,03:14/고/195,10:56/저/134,18:56/고/222,--:--/-/--/--
인천,2021-08-31,03:50/저/339,09:40/고/643,16:03/저/280,22:50/고/655
영흥도,2021-08-31,03:50/저/326,09:36/고/582,16:04/저/267,22:57/고/609
